Company,Séance,Instrument,Ticker,Ouverture,Dernier_Cours,haut_du_jour,bas_du_jour,Nombre_de_titres_échangés,Volume_des_échanges,Nombre_de_transactions,Capitalisation
AFRIC INDUSTRIES SA,09/04/2026,AFRIC INDUSTRIES SA,AFI,352.0,353.9,355.0,350.0,161,56597.7,19,103161850.0
AFRIC INDUSTRIES SA,08/04/2026,AFRIC INDUSTRIES SA,AFI,338.85,350.0,350.9,338.85,606,208287.85,30,102025000.0
AFRIC INDUSTRIES SA,07/04/2026,AFRIC INDUSTRIES SA,AFI,335.0,338.75,338.75,333.15,62,20850.65,9,98745625.0
AFRIC INDUSTRIES SA,06/04/2026,AFRIC INDUSTRIES SA,AFI,338.35,336.0,338.85,336.0,118,39909.25,10,97944000.0
AFRIC INDUSTRIES SA,03/04/2026,AFRIC INDUSTRIES SA,AFI,338.5,338.4,338.5,333.0,94,31431.55,23,98643600.0
AFRIC INDUSTRIES SA,02/04/2026,AFRIC INDUSTRIES SA,AFI,334.0,338.0,338.9,333.0,323,108785.75,21,98527000.0
AFRIC INDUSTRIES SA,01/04/2026,AFRIC INDUSTRIES SA,AFI,335.0,338.5,338.9,335.0,609,205926.0,15,98672750.0
AFRIC INDUSTRIES SA,31/03/2026,AFRIC INDUSTRIES SA,AFI,337.0,335.0,337.0,335.0,22,7393.5,5,97652500.0
AFRIC INDUSTRIES SA,30/03/2026,AFRIC INDUSTRIES SA,AFI,336.0,335.0,336.95,335.0,67,22503.35,9,97652500.0
AFRIC INDUSTRIES SA,27/03/2026,AFRIC INDUSTRIES SA,AFI,337.5,336.9,337.5,332.0,97,32424.5,14,98206350.0
AFRIC INDUSTRIES SA,26/03/2026,AFRIC INDUSTRIES SA,AFI,335.0,335.0,337.4,335.0,122,40984.7,13,97652500.0
AFRIC INDUSTRIES SA,25/03/2026,AFRIC INDUSTRIES SA,AFI,333.0,337.5,337.5,333.0,99,33372.0,10,98381250.0
AFRIC INDUSTRIES SA,24/03/2026,AFRIC INDUSTRIES SA,AFI,337.25,337.25,337.25,330.0,463,153850.35,46,98308375.0
AFMA,09/04/2026,AFMA,AFM,1235.0,1235.0,1235.0,1235.0,50,61750.0,2,1235000000.0
AFMA,08/04/2026,AFMA,AFM,-,1245.0,-,-,-,-,-,1245000000.0
AFMA,07/04/2026,AFMA,AFM,1245.0,1245.0,1245.0,1245.0,1,1245.0,1,1245000000.0
AFMA,06/04/2026,AFMA,AFM,1246.0,1246.0,1246.0,1246.0,1,1246.0,1,1246000000.0
AFMA,03/04/2026,AFMA,AFM,-,1246.0,-,-,-,-,-,1246000000.0
AFMA,02/04/2026,AFMA,AFM,1246.0,1246.0,1246.0,1246.0,1,1246.0,1,1246000000.0
AFMA,01/04/2026,AFMA,AFM,1248.0,1248.0,1248.0,1248.0,1,1248.0,1,1248000000.0
AFMA,31/03/2026,AFMA,AFM,-,1249.0,-,-,-,-,-,1249000000.0
AFMA,30/03/2026,AFMA,AFM,1249.0,1249.0,1249.0,1249.0,43,53707.0,4,1249000000.0
AFMA,27/03/2026,AFMA,AFM,1180.0,1180.0,1180.0,1180.0,2,2360.0,1,1180000000.0
AFMA,26/03/2026,AFMA,AFM,1114.0,1114.0,1114.0,1114.0,7393,8235802.0,18,1114000000.0
AFMA,25/03/2026,AFMA,AFM,1185.0,1185.0,1185.0,1185.0,63,74655.0,3,1185000000.0
AFMA,24/03/2026,AFMA,AFM,1260.0,1260.0,1260.0,1260.0,2,2520.0,1,1260000000.0
AFRIQUIA GAZ,09/04/2026,AFRIQUIA GAZ,GAZ,3750.0,3750.0,3750.0,3714.0,319,1195823.0,17,12890625000.0
AFRIQUIA GAZ,08/04/2026,AFRIQUIA GAZ,GAZ,3870.0,3750.0,3870.0,3750.0,317,1196460.0,47,12890625000.0
AFRIQUIA GAZ,07/04/2026,AFRIQUIA GAZ,GAZ,3700.0,3790.0,3790.0,3700.0,18,67390.0,8,13028125000.0
AFRIQUIA GAZ,06/04/2026,AFRIQUIA GAZ,GAZ,3700.0,3700.0,3700.0,3651.0,203,749673.0,44,12718750000.0
AFRIQUIA GAZ,03/04/2026,AFRIQUIA GAZ,GAZ,3750.0,3700.0,3750.0,3700.0,521,1929893.0,67,12718750000.0
AFRIQUIA GAZ,02/04/2026,AFRIQUIA GAZ,GAZ,3750.0,3720.0,3750.0,3720.0,19,70912.0,10,12787500000.0
AFRIQUIA GAZ,01/04/2026,AFRIQUIA GAZ,GAZ,3800.0,3750.0,3800.0,3750.0,117,440843.0,30,12890625000.0
AFRIQUIA GAZ,31/03/2026,AFRIQUIA GAZ,GAZ,3750.0,3777.0,3895.0,3750.0,3902,14750040.0,21,12983437500.0
AFRIQUIA GAZ,30/03/2026,AFRIQUIA GAZ,GAZ,3800.0,3750.0,3800.0,3750.0,7,26498.0,5,12890625000.0
AFRIQUIA GAZ,27/03/2026,AFRIQUIA GAZ,GAZ,3806.0,3700.0,3806.0,3700.0,1007,3726637.0,42,12718750000.0
AFRIQUIA GAZ,26/03/2026,AFRIQUIA GAZ,GAZ,3881.0,3800.0,3881.0,3800.0,234,890343.0,36,13062500000.0
AFRIQUIA GAZ,25/03/2026,AFRIQUIA GAZ,GAZ,3810.0,3879.0,3879.0,3810.0,49,189599.0,9,13334062500.0
AFRIQUIA GAZ,24/03/2026,AFRIQUIA GAZ,GAZ,3900.0,3805.0,3900.0,3805.0,199,765146.0,33,13079687500.0
AGMA,09/04/2026,AGMA,AGM,-,6999.0,-,-,-,-,-,1399800000.0
AGMA,08/04/2026,AGMA,AGM,-,6999.0,-,-,-,-,-,1399800000.0
AGMA,07/04/2026,AGMA,AGM,6999.0,6999.0,6999.0,6999.0,2,13998.0,1,1399800000.0
AGMA,06/04/2026,AGMA,AGM,-,7020.0,-,-,-,-,-,1404000000.0
AGMA,03/04/2026,AGMA,AGM,-,7020.0,-,-,-,-,-,1404000000.0
AGMA,02/04/2026,AGMA,AGM,-,7020.0,-,-,-,-,-,1404000000.0
AGMA,01/04/2026,AGMA,AGM,-,7020.0,-,-,-,-,-,1404000000.0
AGMA,31/03/2026,AGMA,AGM,7020.0,7020.0,7020.0,7020.0,1,7020.0,1,1404000000.0
AGMA,30/03/2026,AGMA,AGM,7050.0,7050.0,7050.0,7050.0,4,28200.0,2,1410000000.0
AGMA,27/03/2026,AGMA,AGM,-,6840.0,-,-,-,-,-,1368000000.0
AGMA,26/03/2026,AGMA,AGM,6840.0,6840.0,6840.0,6840.0,10,68400.0,1,1368000000.0
AGMA,25/03/2026,AGMA,AGM,6555.0,6555.0,6555.0,6555.0,2,13110.0,1,1311000000.0
AGMA,24/03/2026,AGMA,AGM,-,6840.0,-,-,-,-,-,1368000000.0
ALLIANCES,09/04/2026,ALLIANCES,ADI,427.8,420.0,427.8,410.0,13813,5744643.65,122,9273006960.0
ALLIANCES,08/04/2026,ALLIANCES,ADI,435.0,430.05,435.0,421.0,41903,18043205.2,242,9494896769.4
ALLIANCES,07/04/2026,ALLIANCES,ADI,421.0,409.0,421.0,400.0,17383,7125333.8,226,9030142492.0
ALLIANCES,06/04/2026,ALLIANCES,ADI,430.0,425.0,430.0,412.0,4279,1809538.9,86,9383399900.0
ALLIANCES,03/04/2026,ALLIANCES,ADI,436.0,429.0,438.0,424.1,20253,8695776.55,59,9471714252.0
ALLIANCES,02/04/2026,ALLIANCES,ADI,438.0,433.0,440.0,418.0,40426,17549393.9,193,9560028604.0
ALLIANCES,01/04/2026,ALLIANCES,ADI,422.0,434.0,435.0,417.0,44198,19081136.0,193,9582107192.0
ALLIANCES,31/03/2026,ALLIANCES,ADI,422.0,413.9,422.0,405.0,20218,8288153.9,134,9138327573.2
ALLIANCES,30/03/2026,ALLIANCES,ADI,428.5,419.0,428.5,413.0,926,387520.4,40,9250928372.0
ALLIANCES,27/03/2026,ALLIANCES,ADI,429.0,410.0,436.9,410.0,13739,5656496.6,114,9052221080.0
ALLIANCES,26/03/2026,ALLIANCES,ADI,424.0,429.9,430.0,418.0,30484,13045739.1,180,9491584981.2
ALLIANCES,25/03/2026,ALLIANCES,ADI,410.0,423.0,423.0,408.95,34228,14292501.3,180,9339242724.0
ALLIANCES,24/03/2026,ALLIANCES,ADI,410.0,406.0,414.0,405.0,4983,2025941.9,92,8963906728.0
AKDITAL,09/04/2026,AKDITAL,AKT,1175.0,1175.0,1180.0,1165.0,24262,28435789.0,260,16637068225.0
AKDITAL,08/04/2026,AKDITAL,AKT,1161.0,1165.0,1169.0,1150.0,16897,19634812.0,384,16495476155.0
AKDITAL,07/04/2026,AKDITAL,AKT,1133.0,1115.0,1133.0,1110.0,5748,6423985.0,167,15787515805.0
AKDITAL,06/04/2026,AKDITAL,AKT,1121.0,1118.0,1135.0,1114.0,6483,7286289.0,110,15829993426.0
AKDITAL,03/04/2026,AKDITAL,AKT,1135.0,1110.0,1145.0,1110.0,36372,41127440.0,193,15716719770.0
AKDITAL,02/04/2026,AKDITAL,AKT,1130.0,1142.0,1148.0,1130.0,8759,9942909.0,89,16169814394.0
AKDITAL,01/04/2026,AKDITAL,AKT,1150.0,1148.0,1153.0,1131.0,11333,12994677.0,201,16254769636.0
AKDITAL,31/03/2026,AKDITAL,AKT,1130.0,1110.0,1130.0,1110.0,1703,1907197.0,136,15716719770.0
AKDITAL,30/03/2026,AKDITAL,AKT,1149.0,1130.0,1149.0,1130.0,1782,2030485.0,145,15999903910.0
AKDITAL,27/03/2026,AKDITAL,AKT,1130.0,1141.0,1165.0,1126.0,20717,23733277.0,349,16155655187.0
AKDITAL,26/03/2026,AKDITAL,AKT,1120.0,1130.0,1135.0,1117.0,16730,18844620.0,261,15999903910.0
AKDITAL,25/03/2026,AKDITAL,AKT,1107.0,1118.0,1120.0,1105.0,13018,14500979.0,187,15829993426.0
AKDITAL,24/03/2026,AKDITAL,AKT,1100.0,1101.0,1110.0,1090.0,14777,16245607.0,263,15589286907.0
ARADEI CAPITAL,09/04/2026,ARADEI CAPITAL,ARD,419.0,415.1,427.0,415.05,876,366782.35,40,5217030763.0
ARADEI CAPITAL,08/04/2026,ARADEI CAPITAL,ARD,419.0,413.0,419.0,412.0,7136,2960131.2,135,5190637690.0
ARADEI CAPITAL,07/04/2026,ARADEI CAPITAL,ARD,418.9,415.0,419.5,415.0,193,80406.9,29,5215773950.0
ARADEI CAPITAL,06/04/2026,ARADEI CAPITAL,ARD,419.7,418.0,419.9,410.0,161,67357.5,21,5253478340.0
ARADEI CAPITAL,03/04/2026,ARADEI CAPITAL,ARD,420.0,405.0,420.0,405.0,5227,2137090.45,171,5090092650.0
ARADEI CAPITAL,02/04/2026,ARADEI CAPITAL,ARD,418.95,418.0,418.95,412.1,289,120797.2,42,5253478340.0
ARADEI CAPITAL,01/04/2026,ARADEI CAPITAL,ARD,417.9,417.0,421.9,408.3,24113,9892795.75,62,5240910210.0
ARADEI CAPITAL,31/03/2026,ARADEI CAPITAL,ARD,415.0,404.95,419.8,404.95,2463,999744.25,143,5089464243.5
ARADEI CAPITAL,30/03/2026,ARADEI CAPITAL,ARD,425.0,415.0,425.0,411.1,906,380775.7,71,5215773950.0
ARADEI CAPITAL,27/03/2026,ARADEI CAPITAL,ARD,434.7,401.0,434.7,401.0,10138,4069507.3,201,5039820130.0
ARADEI CAPITAL,26/03/2026,ARADEI CAPITAL,ARD,431.5,420.0,435.0,420.0,2856,1200954.4,106,5278614600.0
ARADEI CAPITAL,25/03/2026,ARADEI CAPITAL,ARD,427.1,430.0,435.0,427.1,153,65827.5,18,5404295900.0
ARADEI CAPITAL,24/03/2026,ARADEI CAPITAL,ARD,436.0,431.5,446.0,430.0,13658,5942116.65,47,5423148095.0
ALUMINIUM DU MAROC,09/04/2026,ALUMINIUM DU MAROC,ALM,1800.0,1820.0,1820.0,1800.0,30,54580.0,7,848036280.0
ALUMINIUM DU MAROC,08/04/2026,ALUMINIUM DU MAROC,ALM,1794.0,1820.0,1820.0,1794.0,167,300113.0,15,848036280.0
ALUMINIUM DU MAROC,07/04/2026,ALUMINIUM DU MAROC,ALM,-,1796.0,-,-,-,-,-,836853384.0
ALUMINIUM DU MAROC,06/04/2026,ALUMINIUM DU MAROC,ALM,1795.0,1796.0,1796.0,1795.0,16,28731.0,5,836853384.0
ALUMINIUM DU MAROC,03/04/2026,ALUMINIUM DU MAROC,ALM,1793.0,1793.0,1793.0,1793.0,5,8965.0,2,835455522.0
ALUMINIUM DU MAROC,02/04/2026,ALUMINIUM DU MAROC,ALM,1800.0,1800.0,1800.0,1800.0,26,46800.0,6,838717200.0
ALUMINIUM DU MAROC,01/04/2026,ALUMINIUM DU MAROC,ALM,1733.0,1800.0,1800.0,1733.0,30,52325.0,5,838717200.0
ALUMINIUM DU MAROC,31/03/2026,ALUMINIUM DU MAROC,ALM,1818.0,1817.0,1818.0,1817.0,51,92669.0,5,846638418.0
ALUMINIUM DU MAROC,30/03/2026,ALUMINIUM DU MAROC,ALM,1750.0,1820.0,1849.0,1750.0,101,180239.0,22,848036280.0
ALUMINIUM DU MAROC,27/03/2026,ALUMINIUM DU MAROC,ALM,1739.0,1739.0,1739.0,1739.0,1,1739.0,1,810294006.0
ALUMINIUM DU MAROC,26/03/2026,ALUMINIUM DU MAROC,ALM,1747.0,1747.0,1747.0,1747.0,1,1747.0,1,814021638.0
ALUMINIUM DU MAROC,25/03/2026,ALUMINIUM DU MAROC,ALM,-,1748.0,-,-,-,-,-,814487592.0
ALUMINIUM DU MAROC,24/03/2026,ALUMINIUM DU MAROC,ALM,1684.0,1748.0,1748.0,1684.0,42,72782.0,5,814487592.0
ATTIJARIWAFA BANK,09/04/2026,ATTIJARIWAFA BANK,ATW,708.0,703.1,709.0,703.0,69113,48688640.9,131,151265523900.9
ATTIJARIWAFA BANK,08/04/2026,ATTIJARIWAFA BANK,ATW,700.0,706.0,710.0,700.0,117052,82461928.0,362,151889432334.0
ATTIJARIWAFA BANK,07/04/2026,ATTIJARIWAFA BANK,ATW,680.0,676.0,690.0,675.0,60687,41132267.7,268,145435207164.0
ATTIJARIWAFA BANK,06/04/2026,ATTIJARIWAFA BANK,ATW,692.0,680.0,692.9,680.0,114292,77839476.6,251,146295770520.0
ATTIJARIWAFA BANK,03/04/2026,ATTIJARIWAFA BANK,ATW,689.9,681.2,694.0,681.2,123945,84703996.9,214,146553939526.8
ATTIJARIWAFA BANK,02/04/2026,ATTIJARIWAFA BANK,ATW,690.0,690.0,690.0,688.0,77051,53158613.3,134,148447178910.0
ATTIJARIWAFA BANK,01/04/2026,ATTIJARIWAFA BANK,ATW,690.0,691.9,700.0,685.0,108085,74863658.9,226,148855946504.1
ATTIJARIWAFA BANK,31/03/2026,ATTIJARIWAFA BANK,ATW,685.0,684.9,685.5,682.0,20931,14305400.5,212,147349960631.1
ATTIJARIWAFA BANK,30/03/2026,ATTIJARIWAFA BANK,ATW,680.0,687.7,693.8,680.0,6400,4372330.8,245,147952354980.3
ATTIJARIWAFA BANK,27/03/2026,ATTIJARIWAFA BANK,ATW,690.7,680.2,700.0,680.2,62957,43122990.0,359,146338798687.8
ATTIJARIWAFA BANK,26/03/2026,ATTIJARIWAFA BANK,ATW,695.1,694.0,700.0,694.0,35212,24469674.4,293,149307742266.0
ATTIJARIWAFA BANK,25/03/2026,ATTIJARIWAFA BANK,ATW,692.1,703.8,705.0,692.1,444068,311348472.7,231,151416122488.2
ATTIJARIWAFA BANK,24/03/2026,ATTIJARIWAFA BANK,ATW,710.0,690.0,710.0,690.0,220942,155985735.3,224,148447178910.0
ATLANTASANAD,09/04/2026,ATLANTASANAD,ATL,136.0,135.6,138.9,134.15,9232,1252407.1,39,8174455482.0
ATLANTASANAD,08/04/2026,ATLANTASANAD,ATL,136.0,135.0,138.7,134.25,12909,1746791.75,62,8138285325.0
ATLANTASANAD,07/04/2026,ATLANTASANAD,ATL,137.9,135.0,137.9,134.1,197,26739.3,13,8138285325.0
ATLANTASANAD,06/04/2026,ATLANTASANAD,ATL,137.9,138.0,138.0,133.9,75423,10407772.3,34,8319136110.0
ATLANTASANAD,03/04/2026,ATLANTASANAD,ATL,134.5,138.0,138.0,132.7,1553,213765.5,30,8319136110.0
ATLANTASANAD,02/04/2026,ATLANTASANAD,ATL,134.25,136.0,136.0,131.3,1919,258848.45,37,8198568920.0
ATLANTASANAD,01/04/2026,ATLANTASANAD,ATL,134.0,134.5,134.5,131.2,1231,164873.6,25,8108143527.5
ATLANTASANAD,31/03/2026,ATLANTASANAD,ATL,134.5,132.0,134.5,130.1,1250,163319.55,27,7957434540.0
ATLANTASANAD,30/03/2026,ATLANTASANAD,ATL,132.5,134.75,134.75,131.0,1454,194509.25,37,8123214426.25
ATLANTASANAD,27/03/2026,ATLANTASANAD,ATL,133.85,132.5,133.85,131.1,20117,2665485.9,20,7987576337.5
ATLANTASANAD,26/03/2026,ATLANTASANAD,ATL,131.1,132.0,134.9,131.1,10527,1389703.45,23,7957434540.0
ATLANTASANAD,25/03/2026,ATLANTASANAD,ATL,132.9,136.0,136.0,129.0,9251,1215541.9,108,8198568920.0
ATLANTASANAD,24/03/2026,ATLANTASANAD,ATL,131.6,129.2,131.6,129.2,1500,195271.4,39,7788640474.0
AUTO HALL,09/04/2026,AUTO HALL,ATH,82.98,79.9,82.98,79.6,13373,1070457.35,30,4018532787.2
AUTO HALL,08/04/2026,AUTO HALL,ATH,81.0,80.0,83.5,80.0,8724,701391.65,56,4023562240.0
AUTO HALL,07/04/2026,AUTO HALL,ATH,84.5,79.0,84.5,79.0,745,62382.0,19,3973267712.0
AUTO HALL,06/04/2026,AUTO HALL,ATH,79.0,79.5,80.0,78.1,68129,5439935.8,26,3998414976.0
AUTO HALL,03/04/2026,AUTO HALL,ATH,79.5,79.0,79.5,79.0,627,49539.58,9,3973267712.0
AUTO HALL,02/04/2026,AUTO HALL,ATH,79.0,79.0,79.0,77.86,2335,184302.51,26,3973267712.0
AUTO HALL,01/04/2026,AUTO HALL,ATH,78.7,78.0,78.7,77.92,2123,165636.95,37,3922973184.0
AUTO HALL,31/03/2026,AUTO HALL,ATH,79.0,78.05,79.0,78.0,717,56113.85,18,3925487910.4
AUTO HALL,30/03/2026,AUTO HALL,ATH,78.81,78.1,79.8,78.1,610,47800.83,23,3928002636.8
AUTO HALL,27/03/2026,AUTO HALL,ATH,80.0,79.0,80.0,79.0,15132,1195489.0,21,3973267712.0
AUTO HALL,26/03/2026,AUTO HALL,ATH,79.0,79.0,79.0,78.5,20779,1641514.0,28,3973267712.0
AUTO HALL,25/03/2026,AUTO HALL,ATH,80.0,79.0,80.0,79.0,448,35538.1,14,3973267712.0
AUTO HALL,24/03/2026,AUTO HALL,ATH,80.8,78.1,80.8,78.1,2670,212282.3,38,3928002636.8
AUTO NEJMA,09/04/2026,AUTO NEJMA,NEJ,-,4585.0,-,-,-,-,-,4691665440.0
AUTO NEJMA,08/04/2026,AUTO NEJMA,NEJ,-,4585.0,-,-,-,-,-,4691665440.0
AUTO NEJMA,07/04/2026,AUTO NEJMA,NEJ,-,4585.0,-,-,-,-,-,4691665440.0
AUTO NEJMA,06/04/2026,AUTO NEJMA,NEJ,-,4585.0,-,-,-,-,-,4691665440.0
AUTO NEJMA,03/04/2026,AUTO NEJMA,NEJ,-,4585.0,-,-,-,-,-,4691665440.0
AUTO NEJMA,02/04/2026,AUTO NEJMA,NEJ,-,4585.0,-,-,-,-,-,4691665440.0
AUTO NEJMA,01/04/2026,AUTO NEJMA,NEJ,-,4585.0,-,-,-,-,-,4691665440.0
AUTO NEJMA,31/03/2026,AUTO NEJMA,NEJ,-,4585.0,-,-,-,-,-,4691665440.0
AUTO NEJMA,30/03/2026,AUTO NEJMA,NEJ,-,4585.0,-,-,-,-,-,4691665440.0
AUTO NEJMA,27/03/2026,AUTO NEJMA,NEJ,-,4585.0,-,-,-,-,-,4691665440.0
AUTO NEJMA,26/03/2026,AUTO NEJMA,NEJ,-,4585.0,-,-,-,-,-,4691665440.0
AUTO NEJMA,25/03/2026,AUTO NEJMA,NEJ,-,4585.0,-,-,-,-,-,4691665440.0
AUTO NEJMA,24/03/2026,AUTO NEJMA,NEJ,-,4585.0,-,-,-,-,-,4691665440.0
BALIMA,09/04/2026,BALIMA,BAL,-,216.5,-,-,-,-,-,377576000.0
BALIMA,08/04/2026,BALIMA,BAL,216.5,216.5,216.5,216.5,22,4763.0,4,377576000.0
BALIMA,07/04/2026,BALIMA,BAL,216.5,216.5,216.5,216.5,45,9742.5,2,377576000.0
BALIMA,06/04/2026,BALIMA,BAL,216.55,216.55,216.55,216.55,1,216.55,1,377663200.0
BALIMA,03/04/2026,BALIMA,BAL,-,230.0,-,-,-,-,-,401120000.0
BALIMA,02/04/2026,BALIMA,BAL,-,230.0,-,-,-,-,-,401120000.0
BALIMA,01/04/2026,BALIMA,BAL,-,230.0,-,-,-,-,-,401120000.0
BALIMA,31/03/2026,BALIMA,BAL,230.0,230.0,230.0,230.0,1,230.0,1,401120000.0
BALIMA,30/03/2026,BALIMA,BAL,-,221.0,-,-,-,-,-,385424000.0
BALIMA,27/03/2026,BALIMA,BAL,-,221.0,-,-,-,-,-,385424000.0
BALIMA,26/03/2026,BALIMA,BAL,221.0,221.0,221.0,221.0,1,221.0,1,385424000.0
BALIMA,25/03/2026,BALIMA,BAL,230.0,230.0,230.0,230.0,74,17020.0,3,401120000.0
BALIMA,24/03/2026,BALIMA,BAL,232.05,232.05,232.05,232.05,40,9282.0,3,404695200.0
BANK OF AFRICA,09/04/2026,BANK OF AFRICA,BOA,205.45,207.0,207.0,203.0,119455,24702893.2,65,45598349367.0
BANK OF AFRICA,08/04/2026,BANK OF AFRICA,BOA,207.0,203.55,208.8,203.55,19783,4045218.65,70,44838376877.55
BANK OF AFRICA,07/04/2026,BANK OF AFRICA,BOA,203.0,200.0,203.0,200.0,16829,3367276.25,97,44056376200.0
BANK OF AFRICA,06/04/2026,BANK OF AFRICA,BOA,207.2,203.0,207.2,203.0,1914,391121.3,36,44717221843.0
BANK OF AFRICA,03/04/2026,BANK OF AFRICA,BOA,204.5,203.0,204.5,203.0,144487,29336615.1,64,44717221843.0
BANK OF AFRICA,02/04/2026,BANK OF AFRICA,BOA,202.9,203.0,204.0,201.0,23137,4675220.75,69,44717221843.0
BANK OF AFRICA,01/04/2026,BANK OF AFRICA,BOA,209.0,200.0,209.0,200.0,61488,12330219.25,177,44056376200.0
BANK OF AFRICA,31/03/2026,BANK OF AFRICA,BOA,208.0,200.0,210.0,200.0,14129,2845133.8,106,44056376200.0
BANK OF AFRICA,30/03/2026,BANK OF AFRICA,BOA,214.0,205.0,214.0,205.0,1846,379322.0,27,45157785605.0
BANK OF AFRICA,27/03/2026,BANK OF AFRICA,BOA,210.0,205.0,213.9,205.0,78208,16425378.95,73,45157785605.0
BANK OF AFRICA,26/03/2026,BANK OF AFRICA,BOA,217.0,208.0,217.0,208.0,23304,4853203.1,66,45818631248.0
BANK OF AFRICA,25/03/2026,BANK OF AFRICA,BOA,218.0,217.9,218.0,211.5,6400,1392494.8,17,47999421869.9
BANK OF AFRICA,24/03/2026,BANK OF AFRICA,BOA,221.9,218.0,221.9,215.0,241381,52622399.8,44,48021450058.0
BCP,09/04/2026,BCP,BCP,247.9,246.8,247.9,244.0,31758,7811292.3,73,50177518336.4
BCP,08/04/2026,BCP,BCP,248.95,247.1,248.95,243.5,118731,29180301.1,162,50238512078.3
BCP,07/04/2026,BCP,BCP,242.4,240.0,242.4,240.0,30494,7321892.5,126,48794993520.0
BCP,06/04/2026,BCP,BCP,243.85,240.0,244.0,240.0,76151,18283754.65,221,48794993520.0
BCP,03/04/2026,BCP,BCP,249.9,240.0,249.9,240.0,180169,43310683.5,287,48794993520.0
BCP,02/04/2026,BCP,BCP,246.9,248.2,248.6,243.0,49584,12064989.45,65,50462155798.6
BCP,01/04/2026,BCP,BCP,249.0,243.0,249.0,243.0,77493,18905985.55,107,49404930939.0
BCP,31/03/2026,BCP,BCP,243.0,243.0,245.0,242.5,54922,13354516.5,113,49404930939.0
BCP,30/03/2026,BCP,BCP,247.8,242.55,247.8,242.05,3003,734262.6,92,49313440326.15
BCP,27/03/2026,BCP,BCP,252.95,240.0,252.95,240.0,91979,22155634.25,269,48794993520.0
BCP,26/03/2026,BCP,BCP,249.0,245.0,252.9,245.0,56391,13838119.3,218,49811555885.0
BCP,25/03/2026,BCP,BCP,249.0,249.0,254.9,249.0,34601,8662443.7,126,50624805777.0
BCP,24/03/2026,BCP,BCP,255.0,248.0,255.0,248.0,13221,3294014.05,120,50421493304.0
BMCI,09/04/2026,BMCI,BCI,602.0,609.0,609.0,600.0,5904,3590288.0,12,8087085174.0
BMCI,08/04/2026,BMCI,BCI,616.9,603.0,621.0,603.0,3668,2238984.0,21,8007409458.0
BMCI,07/04/2026,BMCI,BCI,-,620.0,-,-,-,-,-,8233157320.0
BMCI,06/04/2026,BMCI,BCI,600.0,620.0,620.0,600.0,9291,5758160.2,9,8233157320.0
BMCI,03/04/2026,BMCI,BCI,614.9,597.1,614.9,597.1,5972,3567428.1,6,7929061670.6
BMCI,02/04/2026,BMCI,BCI,605.0,619.9,619.9,590.0,1106,657982.0,19,8231829391.4
BMCI,01/04/2026,BMCI,BCI,618.0,620.0,620.0,608.0,26438,16390424.0,16,8233157320.0
BMCI,31/03/2026,BMCI,BCI,600.0,621.0,621.0,598.0,90,53917.0,5,8246436606.0
BMCI,30/03/2026,BMCI,BCI,625.9,600.0,625.9,600.0,69,41603.6,8,7967571600.0
BMCI,27/03/2026,BMCI,BCI,625.9,625.9,625.9,625.9,3001,1878325.9,9,8311505107.4
BMCI,26/03/2026,BMCI,BCI,628.0,627.0,628.0,615.0,5001,3111628.0,8,8326112322.0
BMCI,25/03/2026,BMCI,BCI,620.0,610.0,620.0,602.0,1620,992322.0,17,8100364460.0
BMCI,24/03/2026,BMCI,BCI,606.5,601.0,620.0,580.0,32999,20438896.0,27,7980850886.0
CARTIER SAADA,09/04/2026,CARTIER SAADA,CRS,31.77,30.1,31.77,30.1,445,13911.7,10,158476500.0
CARTIER SAADA,08/04/2026,CARTIER SAADA,CRS,30.0,31.4,31.6,30.0,1992,61774.5,26,165321000.0
CARTIER SAADA,07/04/2026,CARTIER SAADA,CRS,30.95,30.0,30.95,30.0,582,17562.2,12,157950000.0
CARTIER SAADA,06/04/2026,CARTIER SAADA,CRS,29.0,30.0,31.0,29.0,309,9365.0,19,157950000.0
CARTIER SAADA,03/04/2026,CARTIER SAADA,CRS,29.01,30.0,30.5,29.01,163,4890.61,10,157950000.0
CARTIER SAADA,02/04/2026,CARTIER SAADA,CRS,31.0,30.5,31.0,30.5,891,27235.5,9,160582500.0
CARTIER SAADA,01/04/2026,CARTIER SAADA,CRS,29.99,29.9,30.2,29.6,1168,34886.38,16,157423500.0
CARTIER SAADA,31/03/2026,CARTIER SAADA,CRS,29.99,29.99,29.99,29.5,75,2239.53,6,157897350.0
CARTIER SAADA,30/03/2026,CARTIER SAADA,CRS,30.0,30.0,30.0,29.51,112,3356.08,9,157950000.0
CARTIER SAADA,27/03/2026,CARTIER SAADA,CRS,29.5,29.3,30.2,29.3,1550,45534.15,17,154264500.0
CARTIER SAADA,26/03/2026,CARTIER SAADA,CRS,30.29,30.2,30.29,29.2,338,10184.44,13,159003000.0
CARTIER SAADA,25/03/2026,CARTIER SAADA,CRS,29.05,30.3,30.3,29.05,51,1507.8,6,159529500.0
CARTIER SAADA,24/03/2026,CARTIER SAADA,CRS,29.03,30.05,30.05,29.03,230,6791.34,17,158213250.0
CASH PLUS S.A,09/04/2026,CASH PLUS S.A,CAP,281.15,286.75,286.75,281.15,4991,1414795.2,88,7040598557.5
CASH PLUS S.A,08/04/2026,CASH PLUS S.A,CAP,269.0,289.45,289.45,269.0,214832,60187795.65,197,7106891900.5
CASH PLUS S.A,07/04/2026,CASH PLUS S.A,CAP,273.0,268.2,276.5,268.2,2245,606400.65,103,6585138738.0
CASH PLUS S.A,06/04/2026,CASH PLUS S.A,CAP,274.0,279.85,279.85,273.0,1258,347965.85,65,6871182236.5
CASH PLUS S.A,03/04/2026,CASH PLUS S.A,CAP,280.0,280.0,282.9,276.1,3226,900981.1,78,6874865200.0
CASH PLUS S.A,02/04/2026,CASH PLUS S.A,CAP,273.2,283.5,283.5,273.2,2844,797534.45,116,6960801015.0
CASH PLUS S.A,01/04/2026,CASH PLUS S.A,CAP,279.0,279.95,280.0,274.5,2395,666955.8,74,6873637545.5
CASH PLUS S.A,31/03/2026,CASH PLUS S.A,CAP,280.0,276.0,280.0,275.0,1574,435479.5,73,6776652840.0
CASH PLUS S.A,30/03/2026,CASH PLUS S.A,CAP,278.2,283.9,283.9,278.0,1936,544767.0,98,6970622251.0
CASH PLUS S.A,27/03/2026,CASH PLUS S.A,CAP,280.0,287.0,287.85,278.05,2942,837522.45,92,7046736830.0
CASH PLUS S.A,26/03/2026,CASH PLUS S.A,CAP,278.0,288.5,288.5,273.2,6648,1906394.7,136,7083566465.0
CASH PLUS S.A,25/03/2026,CASH PLUS S.A,CAP,280.0,280.0,283.0,280.0,56038,15691312.15,127,6874865200.0
CASH PLUS S.A,24/03/2026,CASH PLUS S.A,CAP,270.4,283.0,283.0,270.4,41322,11673222.85,166,6948524470.0
CDM,09/04/2026,CDM,CDM,1040.0,1030.0,1044.0,1030.0,22850,23536426.0,17,11207650420.0
CDM,08/04/2026,CDM,CDM,1030.0,1030.0,1043.0,1030.0,5812,5989287.0,41,11207650420.0
CDM,07/04/2026,CDM,CDM,1010.0,1012.0,1015.0,1010.0,401,405208.0,10,11011788568.0
CDM,06/04/2026,CDM,CDM,1025.0,1025.0,1027.0,1005.0,225,226912.0,13,11153244350.0
CDM,03/04/2026,CDM,CDM,1025.0,1025.0,1025.0,1010.0,36776,37503745.0,27,11153244350.0
CDM,02/04/2026,CDM,CDM,1002.0,1005.0,1028.0,1002.0,3292,3308592.0,25,10935620070.0
CDM,01/04/2026,CDM,CDM,1005.0,1028.0,1028.0,981.0,2092,2102005.0,12,11185887992.0
CDM,31/03/2026,CDM,CDM,1006.0,1006.0,1028.0,1005.0,4073,4093395.0,9,10946501284.0
CDM,30/03/2026,CDM,CDM,1030.0,1005.0,1030.0,1000.0,1102,1112957.0,15,10935620070.0
CDM,27/03/2026,CDM,CDM,1000.0,981.0,1020.0,981.0,4782,4696217.0,74,10674470934.0
CDM,26/03/2026,CDM,CDM,1035.0,1020.0,1035.0,1020.0,3138,3202122.0,25,11098838280.0
CDM,25/03/2026,CDM,CDM,1011.0,1035.0,1035.0,1010.0,7881,7996650.0,29,11262056490.0
CDM,24/03/2026,CDM,CDM,1021.0,1030.0,1034.0,1010.0,1511,1550407.0,35,11207650420.0
CFG BANK,09/04/2026,CFG BANK,CFG,210.0,208.0,211.95,208.0,21617,4537800.55,58,7281655680.0
CFG BANK,08/04/2026,CFG BANK,CFG,211.0,210.0,212.0,206.0,16893,3548029.0,75,7351671600.0
CFG BANK,07/04/2026,CFG BANK,CFG,204.1,201.0,210.0,201.0,52975,10664144.0,114,7036599960.0
CFG BANK,06/04/2026,CFG BANK,CFG,209.0,205.5,209.0,205.5,400468,83296712.6,36,7194135780.0
CFG BANK,03/04/2026,CFG BANK,CFG,203.0,209.0,209.0,202.6,78386,16374160.15,55,7316663640.0
CFG BANK,02/04/2026,CFG BANK,CFG,202.9,204.0,207.0,202.8,22432,4587756.25,55,7141623840.0
CFG BANK,01/04/2026,CFG BANK,CFG,207.95,204.0,211.0,204.0,260337,53615569.3,112,7141623840.0
CFG BANK,31/03/2026,CFG BANK,CFG,208.0,200.0,208.0,200.0,29184,5844923.9,127,7001592000.0
CFG BANK,30/03/2026,CFG BANK,CFG,203.4,200.0,209.4,200.0,19394,3903682.7,130,7001592000.0
CFG BANK,27/03/2026,CFG BANK,CFG,209.9,203.0,209.9,203.0,41053,8335766.95,86,7106615880.0
CFG BANK,26/03/2026,CFG BANK,CFG,210.0,205.0,213.0,205.0,10639,2183186.4,76,7176631800.0
CFG BANK,25/03/2026,CFG BANK,CFG,207.05,210.0,214.0,207.05,5834,1227219.05,45,7351671600.0
CFG BANK,24/03/2026,CFG BANK,CFG,212.0,210.0,214.0,207.0,18554,3891186.4,67,7351671600.0
CIH,09/04/2026,CIH,CIH,375.0,366.0,375.0,366.0,5776,2115759.0,36,13031658384.0
CIH,08/04/2026,CIH,CIH,380.0,370.0,380.0,370.0,15333,5699808.9,63,13174080880.0
CIH,07/04/2026,CIH,CIH,368.0,357.0,368.0,357.0,523,186850.0,24,12711207768.0
CIH,06/04/2026,CIH,CIH,364.0,362.95,364.0,352.0,2166,771121.05,33,12923061230.8
CIH,03/04/2026,CIH,CIH,367.0,364.5,367.0,360.0,18840,6864805.7,28,12978249948.0
CIH,02/04/2026,CIH,CIH,366.0,360.2,366.0,356.05,2981,1084185.9,42,12825145764.8
CIH,01/04/2026,CIH,CIH,365.0,366.9,370.0,364.0,1870,685442.85,37,13063703445.6
CIH,31/03/2026,CIH,CIH,369.95,363.6,369.95,352.5,2880,1022842.7,35,12946204886.4
CIH,30/03/2026,CIH,CIH,365.0,364.0,365.0,359.0,766,277475.4,31,12960447136.0
CIH,27/03/2026,CIH,CIH,362.0,359.9,370.0,359.9,11313,4078304.8,84,12814464077.6
CIH,26/03/2026,CIH,CIH,375.0,361.0,377.9,361.0,22716,8311325.4,51,12853630264.0
CIH,25/03/2026,CIH,CIH,368.9,369.0,371.0,361.0,36827,13304076.4,53,13138475256.0
CIH,24/03/2026,CIH,CIH,389.5,361.0,389.5,361.0,6433,2330097.9,45,12853630264.0
CIMENTS DU MAROC,09/04/2026,CIMENTS DU MAROC,CMA,1746.0,1765.0,1783.0,1746.0,380,667642.0,13,25479547060.0
CIMENTS DU MAROC,08/04/2026,CIMENTS DU MAROC,CMA,1750.0,1770.0,1780.0,1740.0,12710,22379888.0,57,25551727080.0
CIMENTS DU MAROC,07/04/2026,CIMENTS DU MAROC,CMA,1743.0,1700.0,1743.0,1681.0,3083,5256618.0,20,24541206800.0
CIMENTS DU MAROC,06/04/2026,CIMENTS DU MAROC,CMA,1748.0,1710.0,1748.0,1705.0,119,206290.0,19,24685566840.0
CIMENTS DU MAROC,03/04/2026,CIMENTS DU MAROC,CMA,1706.0,1745.0,1745.0,1705.0,4907,8561918.0,9,25190826980.0
CIMENTS DU MAROC,02/04/2026,CIMENTS DU MAROC,CMA,1740.0,1705.0,1740.0,1705.0,1952,3340734.0,29,24613386820.0
CIMENTS DU MAROC,01/04/2026,CIMENTS DU MAROC,CMA,1735.0,1720.0,1759.0,1720.0,4258,7328109.0,13,24829926880.0
CIMENTS DU MAROC,31/03/2026,CIMENTS DU MAROC,CMA,1738.0,1715.0,1739.0,1715.0,124,213310.0,7,24757746860.0
CIMENTS DU MAROC,30/03/2026,CIMENTS DU MAROC,CMA,1739.0,1715.0,1739.0,1715.0,84,144223.0,8,24757746860.0
CIMENTS DU MAROC,27/03/2026,CIMENTS DU MAROC,CMA,1760.0,1711.0,1760.0,1711.0,4595,7887790.0,41,24700002844.0
CIMENTS DU MAROC,26/03/2026,CIMENTS DU MAROC,CMA,1760.0,1750.0,1770.0,1750.0,6457,11301454.0,38,25263007000.0
CIMENTS DU MAROC,25/03/2026,CIMENTS DU MAROC,CMA,1720.0,1754.0,1754.0,1720.0,3108,5415429.0,20,25320751016.0
CIMENTS DU MAROC,24/03/2026,CIMENTS DU MAROC,CMA,1749.0,1700.0,1749.0,1700.0,2728,4641830.0,30,24541206800.0
CMGP GROUP,09/04/2026,CMGP GROUP,CMG,372.0,377.9,377.9,370.5,8881,3327682.55,64,6424640110.0
CMGP GROUP,08/04/2026,CMGP GROUP,CMG,375.0,380.0,380.0,365.0,24889,9329107.15,182,6460342000.0
CMGP GROUP,07/04/2026,CMGP GROUP,CMG,361.15,362.0,363.0,358.0,5212,1883368.8,75,6154325800.0
CMGP GROUP,06/04/2026,CMGP GROUP,CMG,369.95,367.9,370.0,361.15,1149,418867.15,40,6254631110.0
CMGP GROUP,03/04/2026,CMGP GROUP,CMG,360.15,370.0,373.0,360.0,45126,16737780.25,125,6290333000.0
CMGP GROUP,02/04/2026,CMGP GROUP,CMG,360.2,369.95,369.95,354.1,13251,4797200.55,66,6289482955.0
CMGP GROUP,01/04/2026,CMGP GROUP,CMG,359.0,369.0,369.0,352.0,28229,10205317.4,92,6273332100.0
CMGP GROUP,31/03/2026,CMGP GROUP,CMG,360.0,350.5,360.0,350.5,7030,2468115.6,54,5958815450.0
CMGP GROUP,30/03/2026,CMGP GROUP,CMG,360.0,364.0,364.1,353.1,916,329914.8,48,6188327600.0
CMGP GROUP,27/03/2026,CMGP GROUP,CMG,368.0,360.0,368.0,360.0,15083,5436571.4,55,6120324000.0
CMGP GROUP,26/03/2026,CMGP GROUP,CMG,357.1,370.0,370.0,357.1,49619,17980648.95,75,6290333000.0
CMGP GROUP,25/03/2026,CMGP GROUP,CMG,358.9,367.0,367.0,350.0,12402,4511607.5,108,6239330300.0
CMGP GROUP,24/03/2026,CMGP GROUP,CMG,360.0,355.0,360.0,346.35,3933,1395025.1,60,6035319500.0
COLORADO,09/04/2026,COLORADO,COL,82.95,80.52,82.95,80.1,1457,118286.37,34,1297790037.72
COLORADO,08/04/2026,COLORADO,COL,80.0,81.0,84.46,80.0,21768,1770222.52,138,1305526491.0
COLORADO,07/04/2026,COLORADO,COL,80.5,81.46,81.48,80.0,1901,153205.44,39,1312940592.06
COLORADO,06/04/2026,COLORADO,COL,81.0,81.76,81.97,79.6,3837,308007.79,90,1317775875.36
COLORADO,03/04/2026,COLORADO,COL,80.5,80.99,81.99,80.5,4296,346498.29,40,1305365314.89
COLORADO,02/04/2026,COLORADO,COL,80.9,80.6,81.99,80.2,1571,126971.14,39,1299079446.6
COLORADO,01/04/2026,COLORADO,COL,81.0,80.9,82.0,80.9,85938,6961502.05,95,1303914729.9
COLORADO,31/03/2026,COLORADO,COL,81.5,81.0,82.9,80.75,2521,204703.35,42,1305526491.0
COLORADO,30/03/2026,COLORADO,COL,84.01,81.94,84.01,80.5,3368,275640.19,50,1320677045.34
COLORADO,27/03/2026,COLORADO,COL,85.0,83.0,85.0,83.0,3375,281632.76,40,1337761713.0
COLORADO,26/03/2026,COLORADO,COL,84.5,84.5,85.0,82.0,2476,205831.2,43,1361938129.5
COLORADO,25/03/2026,COLORADO,COL,85.5,84.9,85.5,82.7,413,34898.44,20,1368385173.9
COLORADO,24/03/2026,COLORADO,COL,86.0,85.5,86.0,83.44,310,26498.46,23,1378055740.5
COSUMAR,09/04/2026,COSUMAR,CSR,195.0,193.0,196.9,193.0,19179,3723121.7,103,18236018599.0
COSUMAR,08/04/2026,COSUMAR,CSR,195.0,194.7,196.95,194.7,51962,10135437.4,170,18396646742.1
COSUMAR,07/04/2026,COSUMAR,CSR,194.9,193.0,194.9,191.0,2088,402464.65,87,18236018599.0
COSUMAR,06/04/2026,COSUMAR,CSR,194.95,193.0,195.0,192.0,2301,446465.45,69,18236018599.0
COSUMAR,03/04/2026,COSUMAR,CSR,194.7,192.0,194.7,191.5,8162,1573563.7,72,18141531456.0
COSUMAR,02/04/2026,COSUMAR,CSR,194.9,194.8,194.9,192.1,1716,333316.75,62,18406095456.4
COSUMAR,01/04/2026,COSUMAR,CSR,195.0,193.9,195.0,191.5,8963,1739271.85,84,18321057027.7
COSUMAR,31/03/2026,COSUMAR,CSR,192.0,191.9,193.7,191.05,2704,518969.25,43,18132082741.7
COSUMAR,30/03/2026,COSUMAR,CSR,192.0,192.0,193.5,190.6,446,85531.35,46,18141531456.0
COSUMAR,27/03/2026,COSUMAR,CSR,192.0,190.0,193.9,190.0,33901,6451238.05,115,17952557170.0
COSUMAR,26/03/2026,COSUMAR,CSR,195.0,190.9,195.0,190.9,20039,3838012.6,113,18037595598.7
COSUMAR,25/03/2026,COSUMAR,CSR,193.4,194.25,196.0,190.55,9720,1887260.5,89,18354127527.75
COSUMAR,24/03/2026,COSUMAR,CSR,192.0,190.0,192.8,190.0,26930,5129208.95,135,17952557170.0
CTM,09/04/2026,CTM,CTM,855.0,855.0,855.0,820.0,38,31900.0,8,1048211190.0
CTM,08/04/2026,CTM,CTM,839.0,855.0,869.0,839.0,302,254003.0,19,1048211190.0
CTM,07/04/2026,CTM,CTM,810.0,838.0,839.0,810.0,28,23077.0,9,1027369564.0
CTM,06/04/2026,CTM,CTM,839.0,839.0,839.0,815.0,21,17414.2,10,1028595542.0
CTM,03/04/2026,CTM,CTM,845.0,840.0,845.0,811.0,124,103620.5,10,1029821520.0
CTM,02/04/2026,CTM,CTM,830.5,820.2,848.9,820.2,73,60560.9,6,1005547155.6
CTM,01/04/2026,CTM,CTM,815.0,834.0,870.0,815.0,259,217688.1,36,1022465652.0
CTM,31/03/2026,CTM,CTM,814.5,796.0,814.5,796.0,44,35186.0,11,975878488.0
CTM,30/03/2026,CTM,CTM,814.9,800.0,814.9,800.0,15,12044.7,5,980782400.0
CTM,27/03/2026,CTM,CTM,788.0,814.8,814.9,788.0,42,33464.3,8,998926874.4
CTM,26/03/2026,CTM,CTM,-,812.0,-,-,-,-,-,995494136.0
CTM,25/03/2026,CTM,CTM,812.5,812.0,813.0,812.0,69,56052.7,9,995494136.0
CTM,24/03/2026,CTM,CTM,779.0,813.5,813.5,779.0,13,10265.0,4,997333103.0
DARI COUSPATE,09/04/2026,DARI COUSPATE,DRI,-,4280.0,-,-,-,-,-,1277045000.0
DARI COUSPATE,08/04/2026,DARI COUSPATE,DRI,-,4280.0,-,-,-,-,-,1277045000.0
DARI COUSPATE,07/04/2026,DARI COUSPATE,DRI,-,4280.0,-,-,-,-,-,1277045000.0
DARI COUSPATE,06/04/2026,DARI COUSPATE,DRI,-,4280.0,-,-,-,-,-,1277045000.0
DARI COUSPATE,03/04/2026,DARI COUSPATE,DRI,-,4280.0,-,-,-,-,-,1277045000.0
DARI COUSPATE,02/04/2026,DARI COUSPATE,DRI,-,4280.0,-,-,-,-,-,1277045000.0
DARI COUSPATE,01/04/2026,DARI COUSPATE,DRI,-,4280.0,-,-,-,-,-,1277045000.0
DARI COUSPATE,31/03/2026,DARI COUSPATE,DRI,-,4280.0,-,-,-,-,-,1277045000.0
DARI COUSPATE,30/03/2026,DARI COUSPATE,DRI,-,4280.0,-,-,-,-,-,1277045000.0
DARI COUSPATE,27/03/2026,DARI COUSPATE,DRI,-,4280.0,-,-,-,-,-,1277045000.0
DARI COUSPATE,26/03/2026,DARI COUSPATE,DRI,-,4280.0,-,-,-,-,-,1277045000.0
DARI COUSPATE,25/03/2026,DARI COUSPATE,DRI,4280.0,4280.0,4280.0,4280.0,2,8560.0,2,1277045000.0
DARI COUSPATE,24/03/2026,DARI COUSPATE,DRI,-,4280.0,-,-,-,-,-,1277045000.0
DELATTRE LEVIVIER MAROC,09/04/2026,DELATTRE LEVIVIER MAROC,DLM,-,40.0,-,-,-,-,-,70000000.0
DELATTRE LEVIVIER MAROC,08/04/2026,DELATTRE LEVIVIER MAROC,DLM,-,40.0,-,-,-,-,-,70000000.0
DELATTRE LEVIVIER MAROC,07/04/2026,DELATTRE LEVIVIER MAROC,DLM,-,40.0,-,-,-,-,-,70000000.0
DELATTRE LEVIVIER MAROC,06/04/2026,DELATTRE LEVIVIER MAROC,DLM,-,40.0,-,-,-,-,-,70000000.0
DELATTRE LEVIVIER MAROC,03/04/2026,DELATTRE LEVIVIER MAROC,DLM,-,40.0,-,-,-,-,-,70000000.0
DELATTRE LEVIVIER MAROC,02/04/2026,DELATTRE LEVIVIER MAROC,DLM,-,40.0,-,-,-,-,-,70000000.0
DELATTRE LEVIVIER MAROC,01/04/2026,DELATTRE LEVIVIER MAROC,DLM,-,40.0,-,-,-,-,-,70000000.0
DELATTRE LEVIVIER MAROC,31/03/2026,DELATTRE LEVIVIER MAROC,DLM,-,40.0,-,-,-,-,-,70000000.0
DELATTRE LEVIVIER MAROC,30/03/2026,DELATTRE LEVIVIER MAROC,DLM,-,40.0,-,-,-,-,-,70000000.0
DELATTRE LEVIVIER MAROC,27/03/2026,DELATTRE LEVIVIER MAROC,DLM,-,40.0,-,-,-,-,-,70000000.0
DELATTRE LEVIVIER MAROC,26/03/2026,DELATTRE LEVIVIER MAROC,DLM,-,40.0,-,-,-,-,-,70000000.0
DELATTRE LEVIVIER MAROC,25/03/2026,DELATTRE LEVIVIER MAROC,DLM,-,40.0,-,-,-,-,-,70000000.0
DELATTRE LEVIVIER MAROC,24/03/2026,DELATTRE LEVIVIER MAROC,DLM,-,40.0,-,-,-,-,-,70000000.0
DELTA HOLDING,09/04/2026,DELTA HOLDING,DHO,60.0,62.0,62.0,58.0,31809,1926127.43,165,5431200000.0
DELTA HOLDING,08/04/2026,DELTA HOLDING,DHO,58.0,59.5,59.8,57.0,83065,4895691.15,304,5212200000.0
DELTA HOLDING,07/04/2026,DELTA HOLDING,DHO,53.5,55.99,55.99,53.0,320700,17181387.89,200,4904724000.0
DELTA HOLDING,06/04/2026,DELTA HOLDING,DHO,55.99,53.5,56.0,53.5,49649,2684983.82,302,4686600000.0
DELTA HOLDING,03/04/2026,DELTA HOLDING,DHO,55.47,55.0,55.89,54.75,23395,1287184.96,123,4818000000.0
DELTA HOLDING,02/04/2026,DELTA HOLDING,DHO,55.5,54.89,55.99,54.89,52454,2885643.09,342,4808364000.0
DELTA HOLDING,01/04/2026,DELTA HOLDING,DHO,56.0,55.79,56.4,55.65,56520,3154646.26,88,4887204000.0
DELTA HOLDING,31/03/2026,DELTA HOLDING,DHO,55.8,55.8,56.15,55.56,37928,2118642.71,56,4888080000.0
DELTA HOLDING,30/03/2026,DELTA HOLDING,DHO,56.39,56.0,56.39,55.3,4285,240595.49,78,4905600000.0
DELTA HOLDING,27/03/2026,DELTA HOLDING,DHO,56.89,55.5,56.89,55.5,91988,5119803.19,159,4861800000.0
DELTA HOLDING,26/03/2026,DELTA HOLDING,DHO,56.79,56.0,56.79,56.0,64589,3620955.16,137,4905600000.0
DELTA HOLDING,25/03/2026,DELTA HOLDING,DHO,56.8,56.79,56.8,56.03,93956,5316809.8,187,4974804000.0
DELTA HOLDING,24/03/2026,DELTA HOLDING,DHO,57.0,55.99,57.0,55.72,38118,2143371.72,197,4904724000.0
DIAC SALAF,09/04/2026,DIAC SALAF,DIS,-,26.25,-,-,-,-,-,27651855.0
DIAC SALAF,08/04/2026,DIAC SALAF,DIS,-,26.25,-,-,-,-,-,27651855.0
DIAC SALAF,07/04/2026,DIAC SALAF,DIS,-,26.25,-,-,-,-,-,27651855.0
DIAC SALAF,06/04/2026,DIAC SALAF,DIS,-,26.25,-,-,-,-,-,27651855.0
DIAC SALAF,03/04/2026,DIAC SALAF,DIS,-,26.25,-,-,-,-,-,27651855.0
DIAC SALAF,02/04/2026,DIAC SALAF,DIS,-,26.25,-,-,-,-,-,27651855.0
DIAC SALAF,01/04/2026,DIAC SALAF,DIS,-,26.25,-,-,-,-,-,27651855.0
DIAC SALAF,31/03/2026,DIAC SALAF,DIS,-,26.25,-,-,-,-,-,27651855.0
DIAC SALAF,30/03/2026,DIAC SALAF,DIS,-,26.25,-,-,-,-,-,27651855.0
DIAC SALAF,27/03/2026,DIAC SALAF,DIS,-,26.25,-,-,-,-,-,27651855.0
DIAC SALAF,26/03/2026,DIAC SALAF,DIS,-,26.25,-,-,-,-,-,27651855.0
DIAC SALAF,25/03/2026,DIAC SALAF,DIS,-,26.25,-,-,-,-,-,27651855.0
DIAC SALAF,24/03/2026,DIAC SALAF,DIS,-,26.25,-,-,-,-,-,27651855.0
DISTY TECHNOLOGIES,09/04/2026,DISTY TECHNOLOGIES,DYT,331.05,335.0,338.0,330.0,485,160345.75,13,334366850.0
DISTY TECHNOLOGIES,08/04/2026,DISTY TECHNOLOGIES,DYT,338.0,339.0,340.0,335.0,4110,1390652.8,45,338359290.0
DISTY TECHNOLOGIES,07/04/2026,DISTY TECHNOLOGIES,DYT,330.0,327.5,337.9,327.5,596,197023.85,32,326881025.0
DISTY TECHNOLOGIES,06/04/2026,DISTY TECHNOLOGIES,DYT,335.0,338.0,338.0,334.5,133,44544.0,14,337361180.0
DISTY TECHNOLOGIES,03/04/2026,DISTY TECHNOLOGIES,DYT,327.5,333.0,339.0,327.5,123,40669.5,10,332370630.0
DISTY TECHNOLOGIES,02/04/2026,DISTY TECHNOLOGIES,DYT,344.0,339.0,344.0,327.05,934,310321.5,47,338359290.0
DISTY TECHNOLOGIES,01/04/2026,DISTY TECHNOLOGIES,DYT,341.0,343.0,343.0,334.0,1411,481633.6,34,342351730.0
DISTY TECHNOLOGIES,31/03/2026,DISTY TECHNOLOGIES,DYT,325.0,340.0,342.5,325.0,8457,2839452.9,91,339357400.0
DISTY TECHNOLOGIES,30/03/2026,DISTY TECHNOLOGIES,DYT,320.0,311.5,320.0,311.5,23,7285.5,6,310911265.0
DISTY TECHNOLOGIES,27/03/2026,DISTY TECHNOLOGIES,DYT,315.0,320.0,322.0,315.0,909,289473.75,15,319395200.0
DISTY TECHNOLOGIES,26/03/2026,DISTY TECHNOLOGIES,DYT,311.0,319.9,319.9,311.0,166,51634.9,12,319295389.0
DISTY TECHNOLOGIES,25/03/2026,DISTY TECHNOLOGIES,DYT,315.3,311.2,320.0,311.1,73,22864.2,7,310611832.0
DISTY TECHNOLOGIES,24/03/2026,DISTY TECHNOLOGIES,DYT,320.0,315.0,320.0,315.0,53,16889.0,8,314404650.0
DISWAY,09/04/2026,DISWAY,DWY,769.9,745.0,769.9,745.0,271,202735.8,41,1404892690.0
DISWAY,08/04/2026,DISWAY,DWY,762.0,766.9,775.0,745.1,851,642786.6,46,1446190877.8
DISWAY,07/04/2026,DISWAY,DWY,756.0,751.0,759.8,750.1,86,64628.6,7,1416207262.0
DISWAY,06/04/2026,DISWAY,DWY,761.6,754.7,761.6,747.1,78,58998.7,9,1423184581.4
DISWAY,03/04/2026,DISWAY,DWY,745.2,745.1,760.0,745.1,143,106740.4,18,1405081266.2
DISWAY,02/04/2026,DISWAY,DWY,758.0,748.0,759.0,745.1,2820,2103863.7,29,1410549976.0
DISWAY,01/04/2026,DISWAY,DWY,756.9,754.8,756.9,741.0,35,26348.3,7,1423373157.6
DISWAY,31/03/2026,DISWAY,DWY,751.0,741.0,751.0,740.0,274,203034.0,30,1397349642.0
DISWAY,30/03/2026,DISWAY,DWY,779.0,751.0,779.0,740.0,65,48790.0,16,1416207262.0
DISWAY,27/03/2026,DISWAY,DWY,760.0,725.0,760.0,725.0,3163,2295490.4,120,1367177450.0
DISWAY,26/03/2026,DISWAY,DWY,788.0,760.0,788.0,760.0,302,230552.0,40,1433179120.0
DISWAY,25/03/2026,DISWAY,DWY,767.0,779.0,797.0,755.0,245,188613.8,40,1469008598.0
DISWAY,24/03/2026,DISWAY,DWY,776.9,765.0,776.9,760.0,228,174137.8,24,1442607930.0
DOUJA PROM ADDOHA,09/04/2026,DOUJA PROM ADDOHA,ADH,34.39,34.25,34.39,33.4,214613,7311154.7,255,13787380449.5
DOUJA PROM ADDOHA,08/04/2026,DOUJA PROM ADDOHA,ADH,33.2,34.48,34.48,33.08,1279122,43269754.79,810,13879967237.92
DOUJA PROM ADDOHA,07/04/2026,DOUJA PROM ADDOHA,ADH,32.3,31.49,32.3,31.01,178263,5590399.69,207,12676338988.46
DOUJA PROM ADDOHA,06/04/2026,DOUJA PROM ADDOHA,ADH,31.95,31.5,33.0,31.5,678060,21734220.21,418,12680364501.0
DOUJA PROM ADDOHA,03/04/2026,DOUJA PROM ADDOHA,ADH,32.55,31.7,32.65,31.7,473383,15110997.65,311,12760874751.8
DOUJA PROM ADDOHA,02/04/2026,DOUJA PROM ADDOHA,ADH,31.0,32.25,33.43,31.0,1231836,39915562.98,790,12982277941.5
DOUJA PROM ADDOHA,01/04/2026,DOUJA PROM ADDOHA,ADH,29.5,31.56,32.05,29.5,1005098,31194340.96,550,12704517576.24
DOUJA PROM ADDOHA,31/03/2026,DOUJA PROM ADDOHA,ADH,29.69,29.15,29.69,29.0,226968,6593120.14,201,11734369054.1
DOUJA PROM ADDOHA,30/03/2026,DOUJA PROM ADDOHA,ADH,29.49,29.5,29.8,29.4,37927,1118049.38,136,11875261993.0
DOUJA PROM ADDOHA,27/03/2026,DOUJA PROM ADDOHA,ADH,29.6,29.99,29.99,29.16,906780,26697587.91,215,12072512107.46
DOUJA PROM ADDOHA,26/03/2026,DOUJA PROM ADDOHA,ADH,29.96,29.1,29.96,29.1,101513,2971695.99,126,11714241491.4
DOUJA PROM ADDOHA,25/03/2026,DOUJA PROM ADDOHA,ADH,29.62,30.0,30.0,29.0,299741,8845674.53,296,12076537620.0
DOUJA PROM ADDOHA,24/03/2026,DOUJA PROM ADDOHA,ADH,29.79,29.5,29.79,28.83,355789,10379669.21,289,11875261993.0
ENNAKL,09/04/2026,ENNAKL,NKL,50.29,51.0,51.9,50.0,2667,135004.3,44,1530000000.0
ENNAKL,08/04/2026,ENNAKL,NKL,50.0,50.2,50.2,49.0,5665,283185.84,45,1506000000.0
ENNAKL,07/04/2026,ENNAKL,NKL,49.95,48.05,49.95,48.05,4771,229936.37,67,1441500000.0
ENNAKL,06/04/2026,ENNAKL,NKL,49.0,49.0,49.5,48.06,2098,101689.73,46,1470000000.0
ENNAKL,03/04/2026,ENNAKL,NKL,48.98,49.3,49.3,48.15,870,42181.31,32,1479000000.0
ENNAKL,02/04/2026,ENNAKL,NKL,50.3,48.98,50.3,48.0,13013,628778.2,84,1469400000.0
ENNAKL,01/04/2026,ENNAKL,NKL,49.0,50.03,51.95,49.0,7298,367017.69,56,1500900000.0
ENNAKL,31/03/2026,ENNAKL,NKL,49.5,48.98,49.5,48.02,829,40207.25,27,1469400000.0
ENNAKL,30/03/2026,ENNAKL,NKL,49.31,48.5,49.5,48.5,7558,370550.74,61,1455000000.0
ENNAKL,27/03/2026,ENNAKL,NKL,49.48,49.0,49.48,49.0,337,16594.37,15,1470000000.0
ENNAKL,26/03/2026,ENNAKL,NKL,49.5,49.0,49.5,48.01,1511,72995.29,33,1470000000.0
ENNAKL,25/03/2026,ENNAKL,NKL,49.0,49.0,49.39,48.3,947,46221.08,28,1470000000.0
ENNAKL,24/03/2026,ENNAKL,NKL,49.0,48.51,49.0,48.51,496,24092.88,24,1455300000.0
EQDOM,09/04/2026,EQDOM,EQD,1399.0,1399.0,1399.0,1399.0,72,100728.0,4,2336679750.0
EQDOM,08/04/2026,EQDOM,EQD,-,1396.0,-,-,-,-,-,2331669000.0
EQDOM,07/04/2026,EQDOM,EQD,-,1396.0,-,-,-,-,-,2331669000.0
EQDOM,06/04/2026,EQDOM,EQD,-,1396.0,-,-,-,-,-,2331669000.0
EQDOM,03/04/2026,EQDOM,EQD,-,1396.0,-,-,-,-,-,2331669000.0
EQDOM,02/04/2026,EQDOM,EQD,-,1396.0,-,-,-,-,-,2331669000.0
EQDOM,01/04/2026,EQDOM,EQD,1396.0,1396.0,1396.0,1396.0,5,6980.0,1,2331669000.0
EQDOM,31/03/2026,EQDOM,EQD,-,1400.0,-,-,-,-,-,2338350000.0
EQDOM,30/03/2026,EQDOM,EQD,-,1400.0,-,-,-,-,-,2338350000.0
EQDOM,27/03/2026,EQDOM,EQD,1400.0,1400.0,1400.0,1400.0,300,420000.0,7,2338350000.0
EQDOM,26/03/2026,EQDOM,EQD,-,1330.0,-,-,-,-,-,2221432500.0
EQDOM,25/03/2026,EQDOM,EQD,1330.0,1330.0,1330.0,1330.0,300,399000.0,1,2221432500.0
EQDOM,24/03/2026,EQDOM,EQD,-,1256.0,-,-,-,-,-,2097834000.0
FENIE BROSSETTE,09/04/2026,FENIE BROSSETTE,FBR,296.2,293.0,305.0,293.0,588,174334.4,25,421622312.0
FENIE BROSSETTE,08/04/2026,FENIE BROSSETTE,FBR,280.0,304.9,304.9,280.0,4632,1348777.8,99,438746221.6
FENIE BROSSETTE,07/04/2026,FENIE BROSSETTE,FBR,294.75,287.0,294.75,285.0,791,227847.4,26,412988408.0
FENIE BROSSETTE,06/04/2026,FENIE BROSSETTE,FBR,294.85,290.0,294.85,286.1,237,68966.6,22,417305360.0
FENIE BROSSETTE,03/04/2026,FENIE BROSSETTE,FBR,289.05,294.95,296.7,289.0,102,29572.4,11,424428330.8
FENIE BROSSETTE,02/04/2026,FENIE BROSSETTE,FBR,297.3,297.0,297.3,288.0,736,214100.95,50,427378248.0
FENIE BROSSETTE,01/04/2026,FENIE BROSSETTE,FBR,294.0,295.8,297.0,289.0,722,213220.9,21,425651467.2
FENIE BROSSETTE,31/03/2026,FENIE BROSSETTE,FBR,293.6,287.1,293.7,287.1,554,161130.9,37,413132306.4
FENIE BROSSETTE,30/03/2026,FENIE BROSSETTE,FBR,294.0,293.1,294.0,293.1,520,152425.5,13,421766210.4
FENIE BROSSETTE,27/03/2026,FENIE BROSSETTE,FBR,299.8,293.0,299.8,292.8,2578,760552.3,58,421622312.0
FENIE BROSSETTE,26/03/2026,FENIE BROSSETTE,FBR,303.1,299.9,311.0,290.1,5407,1613764.5,150,431551301.6
FENIE BROSSETTE,25/03/2026,FENIE BROSSETTE,FBR,302.0,313.0,313.75,298.1,823,253217.8,26,450401992.0
FENIE BROSSETTE,24/03/2026,FENIE BROSSETTE,FBR,302.0,300.0,303.0,290.0,2280,670616.75,59,431695200.0
IB MAROC.COM,09/04/2026,IB MAROC.COM,IBC,62.3,62.0,62.3,61.0,59,3641.8,7,25884132.0
IB MAROC.COM,08/04/2026,IB MAROC.COM,IBC,62.5,59.0,62.5,59.0,72,4493.0,8,24631674.0
IB MAROC.COM,07/04/2026,IB MAROC.COM,IBC,63.0,58.65,63.0,58.65,180,10774.95,10,24485553.9
IB MAROC.COM,06/04/2026,IB MAROC.COM,IBC,63.85,61.9,63.85,61.9,11,690.85,4,25842383.4
IB MAROC.COM,03/04/2026,IB MAROC.COM,IBC,61.89,60.04,61.89,60.04,45,2703.65,4,25065859.44
IB MAROC.COM,02/04/2026,IB MAROC.COM,IBC,58.2,62.0,62.0,58.2,112,6526.0,5,25884132.0
IB MAROC.COM,01/04/2026,IB MAROC.COM,IBC,61.0,63.0,63.0,60.0,162,10170.0,9,26301618.0
IB MAROC.COM,31/03/2026,IB MAROC.COM,IBC,58.1,63.0,63.0,56.02,26,1547.26,5,26301618.0
IB MAROC.COM,30/03/2026,IB MAROC.COM,IBC,60.0,58.1,60.0,58.0,143,8325.0,6,24255936.6
IB MAROC.COM,27/03/2026,IB MAROC.COM,IBC,61.1,60.0,61.1,60.0,203,12223.3,11,25049160.0
IB MAROC.COM,26/03/2026,IB MAROC.COM,IBC,63.0,61.02,63.0,61.02,68,4205.56,5,25474995.72
IB MAROC.COM,25/03/2026,IB MAROC.COM,IBC,63.99,63.99,63.99,63.99,58,3711.42,3,26714929.14
IB MAROC.COM,24/03/2026,IB MAROC.COM,IBC,62.0,63.99,63.99,62.0,70,4439.5,5,26714929.14
HPS,09/04/2026,HPS,HPS,535.0,533.0,535.0,528.3,554,293179.5,14,3947499270.0
HPS,08/04/2026,HPS,HPS,535.0,531.0,539.9,530.0,20878,11076510.4,67,3932686890.0
HPS,07/04/2026,HPS,HPS,525.0,510.0,539.9,510.0,2624,1348168.2,69,3777156900.0
HPS,06/04/2026,HPS,HPS,539.9,525.0,539.9,521.0,10120,5313691.7,38,3888249750.0
HPS,03/04/2026,HPS,HPS,539.9,530.0,539.9,530.0,667,354945.0,37,3925280700.0
HPS,02/04/2026,HPS,HPS,544.9,536.0,544.9,536.0,2479,1334574.5,16,3969717840.0
HPS,01/04/2026,HPS,HPS,535.0,535.0,544.9,535.0,15425,8262394.9,53,3962311650.0
HPS,31/03/2026,HPS,HPS,539.3,531.0,539.3,526.2,1441,764876.0,28,3932686890.0
HPS,30/03/2026,HPS,HPS,536.3,540.0,544.8,530.0,230,122900.2,30,3999342600.0
HPS,27/03/2026,HPS,HPS,545.0,540.5,552.0,534.0,329,179955.2,37,4003045695.0
HPS,26/03/2026,HPS,HPS,530.0,545.0,556.0,520.1,74574,40880017.7,211,4036373550.0
HPS,25/03/2026,HPS,HPS,528.0,510.0,528.0,506.1,24542,12516376.8,47,3777156900.0
HPS,24/03/2026,HPS,HPS,519.0,506.0,519.0,506.0,1566,802327.3,31,3747532140.0
INVOLYS,09/04/2026,INVOLYS,INV,143.0,142.0,144.65,140.0,1181,168889.5,22,54345672.0
INVOLYS,08/04/2026,INVOLYS,INV,144.7,142.9,144.7,141.5,551,79291.5,24,54690116.4
INVOLYS,07/04/2026,INVOLYS,INV,135.05,135.0,135.2,134.0,488,65750.45,10,51666660.0
INVOLYS,06/04/2026,INVOLYS,INV,131.6,134.0,134.0,131.6,284,37766.0,13,51283944.0
INVOLYS,03/04/2026,INVOLYS,INV,136.9,136.9,137.0,134.0,548,74329.75,16,52393820.4
INVOLYS,02/04/2026,INVOLYS,INV,134.1,134.0,138.0,133.5,464,62335.65,23,51283944.0
INVOLYS,01/04/2026,INVOLYS,INV,138.0,134.1,139.0,133.8,349,47644.0,19,51322215.6
INVOLYS,31/03/2026,INVOLYS,INV,138.0,133.5,138.9,133.0,1367,183323.1,51,51092586.0
INVOLYS,30/03/2026,INVOLYS,INV,140.0,138.5,140.0,137.5,675,94143.7,31,53006166.0
INVOLYS,27/03/2026,INVOLYS,INV,136.2,140.0,145.0,136.2,4882,675560.1,100,53580240.0
INVOLYS,26/03/2026,INVOLYS,INV,141.35,141.35,141.35,141.35,5383,760887.05,99,54096906.6
INVOLYS,25/03/2026,INVOLYS,INV,158.0,157.0,159.7,157.0,352,55499.0,13,60086412.0
INVOLYS,24/03/2026,INVOLYS,INV,160.0,159.9,160.0,159.9,180,28795.0,9,61196288.4
IMMORENTE INVEST,09/04/2026,IMMORENTE INVEST,IMO,91.5,91.0,92.0,91.0,2973,272029.68,52,819637000.0
IMMORENTE INVEST,08/04/2026,IMMORENTE INVEST,IMO,91.5,91.0,91.89,91.0,8108,739076.17,101,819637000.0
IMMORENTE INVEST,07/04/2026,IMMORENTE INVEST,IMO,91.25,91.49,91.49,91.22,820,74843.06,30,824050430.0
IMMORENTE INVEST,06/04/2026,IMMORENTE INVEST,IMO,91.49,91.3,91.49,91.2,344,31431.54,21,822339100.0
IMMORENTE INVEST,03/04/2026,IMMORENTE INVEST,IMO,91.5,91.1,91.8,91.1,799,73101.81,36,820537700.0
IMMORENTE INVEST,02/04/2026,IMMORENTE INVEST,IMO,91.49,91.1,91.49,91.0,865,78925.88,28,820537700.0
IMMORENTE INVEST,01/04/2026,IMMORENTE INVEST,IMO,91.3,91.5,91.5,91.0,588,53698.61,26,824140500.0
IMMORENTE INVEST,31/03/2026,IMMORENTE INVEST,IMO,91.25,91.16,91.9,91.16,1121,102773.01,36,821078120.0
IMMORENTE INVEST,30/03/2026,IMMORENTE INVEST,IMO,91.17,91.69,91.7,91.17,382,34918.15,32,825851830.0
IMMORENTE INVEST,27/03/2026,IMMORENTE INVEST,IMO,91.49,91.45,91.49,91.13,793,72488.6,25,823690150.0
IMMORENTE INVEST,26/03/2026,IMMORENTE INVEST,IMO,91.49,91.49,91.49,91.01,403,36782.49,15,824050430.0
IMMORENTE INVEST,25/03/2026,IMMORENTE INVEST,IMO,91.01,91.5,91.5,91.01,5995,548048.38,35,824140500.0
IMMORENTE INVEST,24/03/2026,IMMORENTE INVEST,IMO,90.97,91.0,91.0,90.4,2745,249510.44,45,819637000.0
ITISSALAT AL-MAGHRIB,09/04/2026,ITISSALAT AL-MAGHRIB,IAM,96.99,95.4,96.99,95.03,62170,5938745.63,125,83865695436.0
ITISSALAT AL-MAGHRIB,08/04/2026,ITISSALAT AL-MAGHRIB,IAM,94.25,96.99,97.0,94.25,361104,34824510.32,329,85263457026.6
ITISSALAT AL-MAGHRIB,07/04/2026,ITISSALAT AL-MAGHRIB,IAM,93.0,92.5,93.4,92.5,16754,1554905.35,201,81316318950.0
ITISSALAT AL-MAGHRIB,06/04/2026,ITISSALAT AL-MAGHRIB,IAM,93.0,93.0,93.85,92.9,13799,1289061.74,191,81755866620.0
ITISSALAT AL-MAGHRIB,03/04/2026,ITISSALAT AL-MAGHRIB,IAM,95.4,92.1,95.4,92.1,233057,21775367.38,362,80964680814.0
ITISSALAT AL-MAGHRIB,02/04/2026,ITISSALAT AL-MAGHRIB,IAM,95.02,95.0,95.5,92.1,158699,15091176.09,257,83514057300.0
ITISSALAT AL-MAGHRIB,01/04/2026,ITISSALAT AL-MAGHRIB,IAM,95.5,95.5,95.8,95.0,178348,16998303.36,144,83953604970.0
ITISSALAT AL-MAGHRIB,31/03/2026,ITISSALAT AL-MAGHRIB,IAM,95.0,93.88,95.49,93.88,73005,6873905.99,239,82529470519.2
ITISSALAT AL-MAGHRIB,30/03/2026,ITISSALAT AL-MAGHRIB,IAM,95.85,95.2,95.85,94.5,28570,2719201.29,155,83689876368.0
ITISSALAT AL-MAGHRIB,27/03/2026,ITISSALAT AL-MAGHRIB,IAM,96.0,95.0,96.4,95.0,216450,20681835.2,184,83514057300.0
ITISSALAT AL-MAGHRIB,26/03/2026,ITISSALAT AL-MAGHRIB,IAM,95.6,94.59,96.2,94.59,184748,17621105.44,264,83153628210.6
ITISSALAT AL-MAGHRIB,25/03/2026,ITISSALAT AL-MAGHRIB,IAM,93.99,94.99,95.0,93.85,1866745,175680909.7,175,83505266346.6
ITISSALAT AL-MAGHRIB,24/03/2026,ITISSALAT AL-MAGHRIB,IAM,95.0,93.8,95.0,92.85,200791,18827633.23,375,82459142892.0
JET CONTRACTORS,09/04/2026,JET CONTRACTORS,JET,2293.0,2220.0,2293.0,2200.0,10526,23383352.0,55,6725538840.0
JET CONTRACTORS,08/04/2026,JET CONTRACTORS,JET,2217.0,2240.0,2290.0,2172.0,5332,11890412.0,169,6786129280.0
JET CONTRACTORS,07/04/2026,JET CONTRACTORS,JET,2145.0,2138.0,2145.0,2090.0,1111,2347329.0,72,6477118036.0
JET CONTRACTORS,06/04/2026,JET CONTRACTORS,JET,2106.0,2145.0,2150.0,2100.0,10106,21697186.0,90,6498324690.0
JET CONTRACTORS,03/04/2026,JET CONTRACTORS,JET,2140.0,2150.0,2150.0,2091.0,1311,2809407.0,61,6513472300.0
JET CONTRACTORS,02/04/2026,JET CONTRACTORS,JET,2107.0,2130.0,2150.0,2090.0,3120,6665712.0,77,6452881860.0
JET CONTRACTORS,01/04/2026,JET CONTRACTORS,JET,2103.0,2150.0,2150.0,2095.0,3303,6955442.0,94,6513472300.0
JET CONTRACTORS,31/03/2026,JET CONTRACTORS,JET,2120.0,2090.0,2145.0,2090.0,1881,3950381.0,145,6331700980.0
JET CONTRACTORS,30/03/2026,JET CONTRACTORS,JET,2155.0,2168.0,2168.0,2117.0,131,280510.0,26,6568003696.0
JET CONTRACTORS,27/03/2026,JET CONTRACTORS,JET,2160.0,2170.0,2170.0,2136.0,1099,2382294.0,35,6574062740.0
JET CONTRACTORS,26/03/2026,JET CONTRACTORS,JET,2180.0,2150.0,2180.0,2147.0,1565,3382662.0,64,6513472300.0
JET CONTRACTORS,25/03/2026,JET CONTRACTORS,JET,2149.0,2165.0,2199.0,2138.0,4232,9137706.0,120,6558915130.0
JET CONTRACTORS,24/03/2026,JET CONTRACTORS,JET,2150.0,2100.0,2150.0,2100.0,1129,2379467.0,52,6361996200.0
LABEL VIE,09/04/2026,LABEL VIE,LBV,4200.0,4219.0,4250.0,4150.0,802,3369993.0,26,12209604583.0
LABEL VIE,08/04/2026,LABEL VIE,LBV,4100.0,4180.0,4200.0,4100.0,2379,9953100.0,49,12096740260.0
LABEL VIE,07/04/2026,LABEL VIE,LBV,3949.0,3948.0,3980.0,3901.0,204,807842.0,22,11425342236.0
LABEL VIE,06/04/2026,LABEL VIE,LBV,4097.0,3949.0,4140.0,3949.0,934,3737613.0,34,11428236193.0
LABEL VIE,03/04/2026,LABEL VIE,LBV,3850.0,4180.0,4180.0,3850.0,9571,38059693.0,59,12096740260.0
LABEL VIE,02/04/2026,LABEL VIE,LBV,3920.0,3850.0,3980.0,3850.0,4053,15637550.0,34,11141734450.0
LABEL VIE,01/04/2026,LABEL VIE,LBV,3861.0,3849.0,3900.0,3849.0,1631,6323913.0,45,11138840493.0
LABEL VIE,31/03/2026,LABEL VIE,LBV,3900.0,3900.0,3900.0,3852.0,4042,15759297.0,23,11286432300.0
LABEL VIE,30/03/2026,LABEL VIE,LBV,3911.0,3900.0,3950.0,3900.0,691,2725330.0,22,11286432300.0
LABEL VIE,27/03/2026,LABEL VIE,LBV,4099.0,3950.0,4099.0,3950.0,1938,7660499.0,28,11431130150.0
LABEL VIE,26/03/2026,LABEL VIE,LBV,4086.0,4100.0,4100.0,4000.0,1504,6166172.0,19,11865223700.0
LABEL VIE,25/03/2026,LABEL VIE,LBV,3999.0,4087.0,4100.0,3999.0,334,1364619.0,23,11827602259.0
LABEL VIE,24/03/2026,LABEL VIE,LBV,4089.0,3950.0,4089.0,3900.0,1614,6376912.0,20,11431130150.0
LAFARGEHOLCIM MAROC,09/04/2026,LAFARGEHOLCIM MAROC,LHM,1824.0,1799.0,1825.0,1750.0,2503,4491850.0,35,42152800760.0
LAFARGEHOLCIM MAROC,08/04/2026,LAFARGEHOLCIM MAROC,LHM,1773.0,1780.0,1808.0,1773.0,12138,21713785.0,97,41707607200.0
LAFARGEHOLCIM MAROC,07/04/2026,LAFARGEHOLCIM MAROC,LHM,1750.0,1734.0,1750.0,1730.0,256,445972.0,23,40629770160.0
LAFARGEHOLCIM MAROC,06/04/2026,LAFARGEHOLCIM MAROC,LHM,1775.0,1749.0,1775.0,1749.0,204,357438.0,28,40981238760.0
LAFARGEHOLCIM MAROC,03/04/2026,LAFARGEHOLCIM MAROC,LHM,1759.0,1749.0,1778.0,1749.0,6388,11175975.0,40,40981238760.0
LAFARGEHOLCIM MAROC,02/04/2026,LAFARGEHOLCIM MAROC,LHM,1759.0,1765.0,1765.0,1749.0,108,189141.0,18,41356138600.0
LAFARGEHOLCIM MAROC,01/04/2026,LAFARGEHOLCIM MAROC,LHM,1768.0,1750.0,1780.0,1715.0,7642,13364668.0,61,41004670000.0
LAFARGEHOLCIM MAROC,31/03/2026,LAFARGEHOLCIM MAROC,LHM,1730.0,1700.0,1769.0,1700.0,1041,1771905.0,53,39833108000.0
LAFARGEHOLCIM MAROC,30/03/2026,LAFARGEHOLCIM MAROC,LHM,1772.0,1770.0,1772.0,1720.0,1264,2189009.0,29,41473294800.0
LAFARGEHOLCIM MAROC,27/03/2026,LAFARGEHOLCIM MAROC,LHM,1793.0,1720.0,1794.0,1720.0,6214,10699771.0,78,40301732800.0
LAFARGEHOLCIM MAROC,26/03/2026,LAFARGEHOLCIM MAROC,LHM,1790.0,1740.0,1807.0,1740.0,18073,32237506.0,95,40770357600.0
LAFARGEHOLCIM MAROC,25/03/2026,LAFARGEHOLCIM MAROC,LHM,1799.0,1794.0,1800.0,1770.0,6277,11241727.0,43,42035644560.0
LAFARGEHOLCIM MAROC,24/03/2026,LAFARGEHOLCIM MAROC,LHM,1767.0,1780.0,1790.0,1745.0,12556,22293318.0,59,41707607200.0
LESIEUR CRISTAL,09/04/2026,LESIEUR CRISTAL,LES,417.0,391.3,418.0,391.3,389,159709.45,12,10812209863.0
LESIEUR CRISTAL,08/04/2026,LESIEUR CRISTAL,LES,418.0,418.0,418.0,418.0,25,10450.0,4,11549971180.0
LESIEUR CRISTAL,07/04/2026,LESIEUR CRISTAL,LES,415.0,415.0,415.0,391.0,96,39816.0,6,11467076650.0
LESIEUR CRISTAL,06/04/2026,LESIEUR CRISTAL,LES,418.95,415.0,418.95,415.0,57,23857.5,6,11467076650.0
LESIEUR CRISTAL,03/04/2026,LESIEUR CRISTAL,LES,418.0,390.0,418.0,390.0,97,39071.0,8,10776288900.0
LESIEUR CRISTAL,02/04/2026,LESIEUR CRISTAL,LES,418.95,418.95,418.95,418.9,118,49435.6,5,11576221114.5
LESIEUR CRISTAL,01/04/2026,LESIEUR CRISTAL,LES,407.0,419.0,419.0,407.0,62,25918.0,5,11577602690.0
LESIEUR CRISTAL,31/03/2026,LESIEUR CRISTAL,LES,405.2,420.0,420.0,405.2,465,194413.5,13,11605234200.0
LESIEUR CRISTAL,30/03/2026,LESIEUR CRISTAL,LES,401.0,424.95,424.95,401.0,465,197283.75,14,11742010174.5
LESIEUR CRISTAL,27/03/2026,LESIEUR CRISTAL,LES,415.0,425.0,425.0,407.0,82312,34979265.0,27,11743391750.0
LESIEUR CRISTAL,26/03/2026,LESIEUR CRISTAL,LES,410.0,425.0,425.0,384.0,2737,1156579.8,43,11743391750.0
LESIEUR CRISTAL,25/03/2026,LESIEUR CRISTAL,LES,363.0,420.0,420.0,363.0,2043,852745.0,28,11605234200.0
LESIEUR CRISTAL,24/03/2026,LESIEUR CRISTAL,LES,345.0,386.0,386.0,345.0,3457,1333828.0,19,10665762860.0
M2M Group,09/04/2026,M2M Group,M2M,-,418.0,-,-,-,-,-,270770786.0
M2M Group,08/04/2026,M2M Group,M2M,420.1,418.0,421.0,418.0,91,38097.2,10,270770786.0
M2M Group,07/04/2026,M2M Group,M2M,421.3,420.0,421.3,420.0,51,21453.3,6,272066340.0
M2M Group,06/04/2026,M2M Group,M2M,421.0,421.0,421.0,421.0,5,2105.0,1,272714117.0
M2M Group,03/04/2026,M2M Group,M2M,442.0,422.7,442.0,422.7,26,11086.7,3,273815337.9
M2M Group,02/04/2026,M2M Group,M2M,443.0,427.0,443.0,426.0,16203,6902547.0,6,276600779.0
M2M Group,01/04/2026,M2M Group,M2M,416.0,416.0,416.0,416.0,50,20800.0,2,269475232.0
M2M Group,31/03/2026,M2M Group,M2M,414.2,414.2,414.2,414.2,10,4142.0,1,268309233.4
M2M Group,30/03/2026,M2M Group,M2M,413.0,443.0,443.0,413.0,29,12277.0,5,286965211.0
M2M Group,27/03/2026,M2M Group,M2M,-,453.9,-,-,-,-,-,294025980.3
M2M Group,26/03/2026,M2M Group,M2M,-,453.9,-,-,-,-,-,294025980.3
M2M Group,25/03/2026,M2M Group,M2M,-,453.9,-,-,-,-,-,294025980.3
M2M Group,24/03/2026,M2M Group,M2M,453.9,453.9,453.9,453.9,1,453.9,1,294025980.3
MAGHREB OXYGENE,09/04/2026,MAGHREB OXYGENE,MOX,380.5,387.0,387.0,380.5,54,20703.0,5,314437500.0
MAGHREB OXYGENE,08/04/2026,MAGHREB OXYGENE,MOX,387.0,387.0,387.0,387.0,5,1935.0,3,314437500.0
MAGHREB OXYGENE,07/04/2026,MAGHREB OXYGENE,MOX,409.0,386.1,409.0,386.1,1010,412861.0,14,313706250.0
MAGHREB OXYGENE,06/04/2026,MAGHREB OXYGENE,MOX,386.0,386.0,386.0,385.0,18,6945.0,3,313625000.0
MAGHREB OXYGENE,03/04/2026,MAGHREB OXYGENE,MOX,385.1,394.95,395.0,385.1,62,24242.35,5,320896875.0
MAGHREB OXYGENE,02/04/2026,MAGHREB OXYGENE,MOX,385.1,395.0,395.0,385.1,46,17972.0,3,320937500.0
MAGHREB OXYGENE,01/04/2026,MAGHREB OXYGENE,MOX,397.0,397.0,397.0,397.0,10,3970.0,3,322562500.0
MAGHREB OXYGENE,31/03/2026,MAGHREB OXYGENE,MOX,-,397.95,-,-,-,-,-,323334375.0
MAGHREB OXYGENE,30/03/2026,MAGHREB OXYGENE,MOX,390.0,397.95,397.95,390.0,48,18933.65,8,323334375.0
MAGHREB OXYGENE,27/03/2026,MAGHREB OXYGENE,MOX,366.0,382.5,394.0,366.0,237,87500.6,15,310781250.0
MAGHREB OXYGENE,26/03/2026,MAGHREB OXYGENE,MOX,397.0,397.0,397.0,397.0,6,2382.0,3,322562500.0
MAGHREB OXYGENE,25/03/2026,MAGHREB OXYGENE,MOX,381.0,381.0,381.0,381.0,10,3810.0,3,309562500.0
MAGHREB OXYGENE,24/03/2026,MAGHREB OXYGENE,MOX,380.55,398.95,398.95,380.55,19,7307.3,4,324146875.0
MAGHREBAIL,09/04/2026,MAGHREBAIL,MAB,889.0,889.0,889.0,889.0,24,21336.0,3,1230537798.0
MAGHREBAIL,08/04/2026,MAGHREBAIL,MAB,890.0,890.0,890.0,890.0,105,93450.0,3,1231921980.0
MAGHREBAIL,07/04/2026,MAGHREBAIL,MAB,890.0,890.0,890.0,890.0,54,48060.0,2,1231921980.0
MAGHREBAIL,06/04/2026,MAGHREBAIL,MAB,890.0,890.0,890.0,890.0,5,4450.0,2,1231921980.0
MAGHREBAIL,03/04/2026,MAGHREBAIL,MAB,882.0,882.0,882.0,882.0,21,18522.0,6,1220848524.0
MAGHREBAIL,02/04/2026,MAGHREBAIL,MAB,880.0,880.0,880.0,880.0,2,1760.0,1,1218080160.0
MAGHREBAIL,01/04/2026,MAGHREBAIL,MAB,894.9,894.9,894.9,894.9,4,3579.6,1,1238704471.8
MAGHREBAIL,31/03/2026,MAGHREBAIL,MAB,845.0,845.0,845.0,845.0,674,569530.0,19,1169633790.0
MAGHREBAIL,30/03/2026,MAGHREBAIL,MAB,845.1,845.1,845.1,845.1,202,170710.2,26,1169772208.2
MAGHREBAIL,27/03/2026,MAGHREBAIL,MAB,899.0,899.0,899.0,899.0,10,8990.0,1,1244379618.0
MAGHREBAIL,26/03/2026,MAGHREBAIL,MAB,-,870.0,-,-,-,-,-,1204238340.0
MAGHREBAIL,25/03/2026,MAGHREBAIL,MAB,-,870.0,-,-,-,-,-,1204238340.0
MAGHREBAIL,24/03/2026,MAGHREBAIL,MAB,-,870.0,-,-,-,-,-,1204238340.0
MANAGEM,09/04/2026,MANAGEM,MNG,10700.0,10850.0,10850.0,10563.0,3186,34201062.0,57,128731734600.0
MANAGEM,08/04/2026,MANAGEM,MNG,11090.0,10708.0,11090.0,10500.0,1125,12121537.0,133,127046950608.0
MANAGEM,07/04/2026,MANAGEM,MNG,11100.0,10180.0,11100.0,9800.0,756,7911237.0,203,120782401680.0
MANAGEM,06/04/2026,MANAGEM,MNG,10090.0,10745.0,10750.0,10090.0,1527,16261556.0,164,127485943620.0
MANAGEM,03/04/2026,MANAGEM,MNG,9152.0,10000.0,10000.0,9152.0,6354,63386817.0,152,118646760000.0
MANAGEM,02/04/2026,MANAGEM,MNG,9285.0,9300.0,9500.0,8800.0,271,2519125.0,67,110341486800.0
MANAGEM,01/04/2026,MANAGEM,MNG,8598.0,9349.0,9349.0,8540.0,10722,95803437.0,153,110922855924.0
MANAGEM,31/03/2026,MANAGEM,MNG,8500.0,8500.0,8550.0,8460.0,680,5783750.0,55,100849746000.0
MANAGEM,30/03/2026,MANAGEM,MNG,8450.0,8498.0,8500.0,8400.0,526,4467972.0,26,100826016648.0
MANAGEM,27/03/2026,MANAGEM,MNG,8428.0,8450.0,8750.0,8210.0,4783,40652194.0,130,100256512200.0
MANAGEM,26/03/2026,MANAGEM,MNG,8526.0,8480.0,8600.0,8239.0,4520,38239169.0,141,100612452480.0
MANAGEM,25/03/2026,MANAGEM,MNG,8004.0,8232.0,8286.0,8004.0,1844,15128663.0,63,97670012832.0
MANAGEM,24/03/2026,MANAGEM,MNG,7753.0,8020.0,8049.0,7753.0,4211,33738378.0,95,95154701520.0
MAROC LEASING,09/04/2026,MAROC LEASING,MLE,368.95,368.95,368.95,368.95,3,1106.85,1,1024488553.6
MAROC LEASING,08/04/2026,MAROC LEASING,MLE,-,348.1,-,-,-,-,-,966592940.8
MAROC LEASING,07/04/2026,MAROC LEASING,MLE,-,348.1,-,-,-,-,-,966592940.8
MAROC LEASING,06/04/2026,MAROC LEASING,MLE,348.1,348.1,348.1,348.1,14,4873.4,2,966592940.8
MAROC LEASING,03/04/2026,MAROC LEASING,MLE,348.0,348.0,348.0,348.0,30,10440.0,4,966315264.0
MAROC LEASING,02/04/2026,MAROC LEASING,MLE,-,350.0,-,-,-,-,-,971868800.0
MAROC LEASING,01/04/2026,MAROC LEASING,MLE,-,350.0,-,-,-,-,-,971868800.0
MAROC LEASING,31/03/2026,MAROC LEASING,MLE,-,350.0,-,-,-,-,-,971868800.0
MAROC LEASING,30/03/2026,MAROC LEASING,MLE,-,350.0,-,-,-,-,-,971868800.0
MAROC LEASING,27/03/2026,MAROC LEASING,MLE,-,350.0,-,-,-,-,-,971868800.0
MAROC LEASING,26/03/2026,MAROC LEASING,MLE,-,350.0,-,-,-,-,-,971868800.0
MAROC LEASING,25/03/2026,MAROC LEASING,MLE,350.0,350.0,350.0,350.0,35,12250.0,1,971868800.0
MAROC LEASING,24/03/2026,MAROC LEASING,MLE,350.0,350.0,350.0,350.0,7,2450.0,1,971868800.0
MED PAPER,09/04/2026,MED PAPER,MDP,25.3,25.04,25.3,24.5,2337,58250.75,23,119786927.92
MED PAPER,08/04/2026,MED PAPER,MDP,24.7,25.25,25.48,24.17,6799,169343.94,60,120791530.75
MED PAPER,07/04/2026,MED PAPER,MDP,24.99,24.7,24.99,23.9,3119,77319.23,22,118160428.1
MED PAPER,06/04/2026,MED PAPER,MDP,24.8,23.83,24.99,23.62,3115,75103.32,34,113998502.09
MED PAPER,03/04/2026,MED PAPER,MDP,24.5,24.8,24.99,24.05,1894,46812.55,25,118638810.4
MED PAPER,02/04/2026,MED PAPER,MDP,24.79,24.05,24.79,24.0,1937,46653.06,24,115050943.15
MED PAPER,01/04/2026,MED PAPER,MDP,24.4,24.5,24.7,24.0,1320,32168.63,24,117203663.5
MED PAPER,31/03/2026,MED PAPER,MDP,24.75,24.7,24.75,24.18,149,3628.2,7,118160428.1
MED PAPER,30/03/2026,MED PAPER,MDP,24.8,24.8,24.8,24.5,210,5175.6,6,118638810.4
MED PAPER,27/03/2026,MED PAPER,MDP,24.9,24.49,24.9,24.17,560,13634.11,13,117155825.27
MED PAPER,26/03/2026,MED PAPER,MDP,24.1,24.2,24.42,24.06,1340,32449.79,22,115768516.6
MED PAPER,25/03/2026,MED PAPER,MDP,24.12,24.17,24.89,24.12,2282,55596.49,28,115625001.91
MED PAPER,24/03/2026,MED PAPER,MDP,25.0,25.0,25.0,24.0,383,9438.98,21,119595575.0
MICRODATA,09/04/2026,MICRODATA,MIC,790.0,790.0,790.0,790.0,19,15010.0,1,1327200000.0
MICRODATA,08/04/2026,MICRODATA,MIC,800.0,800.0,800.0,799.5,160,127992.6,15,1344000000.0
MICRODATA,07/04/2026,MICRODATA,MIC,750.0,754.0,760.5,750.0,108,81993.1,8,1266720000.0
MICRODATA,06/04/2026,MICRODATA,MIC,780.0,790.0,790.0,780.0,23,17995.0,6,1327200000.0
MICRODATA,03/04/2026,MICRODATA,MIC,755.0,800.0,800.0,750.0,209,165925.0,20,1344000000.0
MICRODATA,02/04/2026,MICRODATA,MIC,779.0,760.0,779.0,760.0,11,8379.0,2,1276800000.0
MICRODATA,01/04/2026,MICRODATA,MIC,760.0,760.0,760.0,760.0,56,42560.0,3,1276800000.0
MICRODATA,31/03/2026,MICRODATA,MIC,780.0,780.0,780.0,780.0,14,10920.0,4,1310400000.0
MICRODATA,30/03/2026,MICRODATA,MIC,780.0,778.0,780.0,770.0,47,36550.0,10,1307040000.0
MICRODATA,27/03/2026,MICRODATA,MIC,750.0,770.0,770.0,731.0,573,431789.4,23,1293600000.0
MICRODATA,26/03/2026,MICRODATA,MIC,753.6,750.0,755.0,750.0,88,66122.2,7,1260000000.0
MICRODATA,25/03/2026,MICRODATA,MIC,752.0,752.0,752.0,752.0,2085,1567920.0,2,1263360000.0
MICRODATA,24/03/2026,MICRODATA,MIC,714.3,770.0,770.0,714.3,214,164620.3,14,1293600000.0
MINIERE TOUISSIT,09/04/2026,MINIERE TOUISSIT,CMT,4400.0,4484.0,4498.0,4280.0,828,3636340.0,147,7538648772.0
MINIERE TOUISSIT,08/04/2026,MINIERE TOUISSIT,CMT,4500.0,4403.0,4549.0,4300.0,4472,19834449.0,282,7402468899.0
MINIERE TOUISSIT,07/04/2026,MINIERE TOUISSIT,CMT,4479.0,4182.0,4619.0,4025.0,20632,92213593.0,544,7030916406.0
MINIERE TOUISSIT,06/04/2026,MINIERE TOUISSIT,CMT,3906.0,4289.0,4289.0,3906.0,2626,11140418.0,257,7210808337.0
MINIERE TOUISSIT,03/04/2026,MINIERE TOUISSIT,CMT,3650.0,3900.0,3959.0,3650.0,4650,18037923.0,274,6556808700.0
MINIERE TOUISSIT,02/04/2026,MINIERE TOUISSIT,CMT,3645.0,3600.0,3650.0,3500.0,854,3079625.0,104,6052438800.0
MINIERE TOUISSIT,01/04/2026,MINIERE TOUISSIT,CMT,3400.0,3642.0,3642.0,3400.0,3515,12336325.0,136,6123050586.0
MINIERE TOUISSIT,31/03/2026,MINIERE TOUISSIT,CMT,3589.0,3311.0,3589.0,3151.0,7203,24801927.0,207,5566562463.0
MINIERE TOUISSIT,30/03/2026,MINIERE TOUISSIT,CMT,-,3500.0,-,-,-,-,-,5884315500.0
MINIERE TOUISSIT,27/03/2026,MINIERE TOUISSIT,CMT,-,3500.0,-,-,-,-,-,5884315500.0
MINIERE TOUISSIT,26/03/2026,MINIERE TOUISSIT,CMT,3250.0,3500.0,3500.0,3201.0,7863,26625053.0,173,5884315500.0
MINIERE TOUISSIT,25/03/2026,MINIERE TOUISSIT,CMT,3110.0,3239.0,3240.0,3100.0,7406,23745327.0,97,5445513687.0
MINIERE TOUISSIT,24/03/2026,MINIERE TOUISSIT,CMT,3020.0,3060.0,3079.0,3010.0,4122,12555967.0,47,5144572980.0
MUTANDIS SCA,09/04/2026,MUTANDIS SCA,MUT,235.0,233.0,237.0,233.0,5225,1223697.45,70,2154489721.0
MUTANDIS SCA,08/04/2026,MUTANDIS SCA,MUT,240.0,234.15,240.0,232.5,4806,1136131.0,114,2165123468.55
MUTANDIS SCA,07/04/2026,MUTANDIS SCA,MUT,229.5,228.45,230.0,228.0,2977,680568.1,136,2112417067.65
MUTANDIS SCA,06/04/2026,MUTANDIS SCA,MUT,230.9,229.6,230.9,229.0,2543,584238.4,112,2123050815.2
MUTANDIS SCA,03/04/2026,MUTANDIS SCA,MUT,233.95,229.3,233.95,229.3,4816,1107976.05,156,2120276794.1
MUTANDIS SCA,02/04/2026,MUTANDIS SCA,MUT,236.8,230.0,236.85,230.0,7343,1694291.0,147,2126749510.0
MUTANDIS SCA,01/04/2026,MUTANDIS SCA,MUT,232.0,234.0,237.0,232.0,4655,1092706.45,55,2163736458.0
MUTANDIS SCA,31/03/2026,MUTANDIS SCA,MUT,231.0,231.6,234.95,231.0,653,151917.95,36,2141544289.2
MUTANDIS SCA,30/03/2026,MUTANDIS SCA,MUT,234.0,233.75,234.0,230.05,665,155047.1,45,2161424773.75
MUTANDIS SCA,27/03/2026,MUTANDIS SCA,MUT,232.5,229.0,236.95,229.0,7958,1825588.0,190,2117502773.0
MUTANDIS SCA,26/03/2026,MUTANDIS SCA,MUT,239.0,231.0,239.0,231.0,4809,1113724.0,121,2135996247.0
MUTANDIS SCA,25/03/2026,MUTANDIS SCA,MUT,236.95,240.0,240.0,233.2,1056,251459.15,39,2219216880.0
MUTANDIS SCA,24/03/2026,MUTANDIS SCA,MUT,237.0,233.0,237.0,233.0,30290,7116340.15,83,2154489721.0
PROMOPHARM S.A.,09/04/2026,PROMOPHARM S.A.,PRO,-,1410.0,-,-,-,-,-,1410000000.0
PROMOPHARM S.A.,08/04/2026,PROMOPHARM S.A.,PRO,1410.0,1410.0,1410.0,1410.0,8,11280.0,2,1410000000.0
PROMOPHARM S.A.,07/04/2026,PROMOPHARM S.A.,PRO,-,1410.0,-,-,-,-,-,1410000000.0
PROMOPHARM S.A.,06/04/2026,PROMOPHARM S.A.,PRO,1410.0,1410.0,1410.0,1410.0,2,2820.0,2,1410000000.0
PROMOPHARM S.A.,03/04/2026,PROMOPHARM S.A.,PRO,-,1420.0,-,-,-,-,-,1420000000.0
PROMOPHARM S.A.,02/04/2026,PROMOPHARM S.A.,PRO,-,1420.0,-,-,-,-,-,1420000000.0
PROMOPHARM S.A.,01/04/2026,PROMOPHARM S.A.,PRO,-,1420.0,-,-,-,-,-,1420000000.0
PROMOPHARM S.A.,31/03/2026,PROMOPHARM S.A.,PRO,-,1420.0,-,-,-,-,-,1420000000.0
PROMOPHARM S.A.,30/03/2026,PROMOPHARM S.A.,PRO,-,1420.0,-,-,-,-,-,1420000000.0
PROMOPHARM S.A.,27/03/2026,PROMOPHARM S.A.,PRO,-,1420.0,-,-,-,-,-,1420000000.0
PROMOPHARM S.A.,26/03/2026,PROMOPHARM S.A.,PRO,1420.0,1420.0,1420.0,1420.0,15,21300.0,3,1420000000.0
PROMOPHARM S.A.,25/03/2026,PROMOPHARM S.A.,PRO,1343.0,1343.0,1343.0,1343.0,4,5372.0,2,1343000000.0
PROMOPHARM S.A.,24/03/2026,PROMOPHARM S.A.,PRO,-,1428.0,-,-,-,-,-,1428000000.0
OULMES,09/04/2026,OULMES,OUL,1220.0,1220.0,1220.0,1220.0,1,1220.0,1,2415600000.0
OULMES,08/04/2026,OULMES,OUL,1255.0,1255.0,1255.0,1255.0,10,12550.0,1,2484900000.0
OULMES,07/04/2026,OULMES,OUL,1257.0,1257.0,1257.0,1257.0,1,1257.0,1,2488860000.0
OULMES,06/04/2026,OULMES,OUL,1257.0,1257.0,1257.0,1257.0,2,2514.0,2,2488860000.0
OULMES,03/04/2026,OULMES,OUL,1256.0,1256.0,1256.0,1256.0,5,6280.0,1,2486880000.0
OULMES,02/04/2026,OULMES,OUL,1239.0,1239.0,1239.0,1239.0,2,2478.0,1,2453220000.0
OULMES,01/04/2026,OULMES,OUL,1169.0,1169.0,1169.0,1169.0,20,23380.0,3,2314620000.0
OULMES,31/03/2026,OULMES,OUL,-,1238.0,-,-,-,-,-,2451240000.0
OULMES,30/03/2026,OULMES,OUL,-,1238.0,-,-,-,-,-,2451240000.0
OULMES,27/03/2026,OULMES,OUL,1238.0,1238.0,1238.0,1238.0,7,8666.0,1,2451240000.0
OULMES,26/03/2026,OULMES,OUL,-,1168.0,-,-,-,-,-,2312640000.0
OULMES,25/03/2026,OULMES,OUL,1168.0,1168.0,1168.0,1168.0,3,3504.0,1,2312640000.0
OULMES,24/03/2026,OULMES,OUL,-,1238.0,-,-,-,-,-,2451240000.0
REALISATIONS MECANIQUES,09/04/2026,REALISATIONS MECANIQUES,SRM,515.0,515.0,515.0,515.0,6,3090.0,3,164800000.0
REALISATIONS MECANIQUES,08/04/2026,REALISATIONS MECANIQUES,SRM,506.0,515.0,517.5,500.0,372,190264.2,24,164800000.0
REALISATIONS MECANIQUES,07/04/2026,REALISATIONS MECANIQUES,SRM,508.9,506.0,509.0,480.0,256,128014.5,11,161920000.0
REALISATIONS MECANIQUES,06/04/2026,REALISATIONS MECANIQUES,SRM,518.0,510.0,518.0,510.0,75,38290.0,2,163200000.0
REALISATIONS MECANIQUES,03/04/2026,REALISATIONS MECANIQUES,SRM,525.0,508.0,525.0,476.1,197,96335.75,10,162560000.0
REALISATIONS MECANIQUES,02/04/2026,REALISATIONS MECANIQUES,SRM,540.0,486.0,540.0,486.0,1241,650869.9,40,155520000.0
REALISATIONS MECANIQUES,01/04/2026,REALISATIONS MECANIQUES,SRM,505.3,505.3,505.3,505.3,215,108639.5,6,161696000.0
REALISATIONS MECANIQUES,31/03/2026,REALISATIONS MECANIQUES,SRM,-,459.4,-,-,-,-,-,147008000.0
REALISATIONS MECANIQUES,30/03/2026,REALISATIONS MECANIQUES,SRM,-,459.4,-,-,-,-,-,147008000.0
REALISATIONS MECANIQUES,27/03/2026,REALISATIONS MECANIQUES,SRM,450.0,459.4,460.0,447.0,19,8649.9,6,147008000.0
REALISATIONS MECANIQUES,26/03/2026,REALISATIONS MECANIQUES,SRM,-,458.0,-,-,-,-,-,146560000.0
REALISATIONS MECANIQUES,25/03/2026,REALISATIONS MECANIQUES,SRM,-,458.0,-,-,-,-,-,146560000.0
REALISATIONS MECANIQUES,24/03/2026,REALISATIONS MECANIQUES,SRM,458.0,458.0,458.0,458.0,1,458.0,1,146560000.0
REBAB COMPANY,09/04/2026,REBAB COMPANY,REB,106.0,106.0,106.0,106.0,2,212.0,1,18704336.0
REBAB COMPANY,08/04/2026,REBAB COMPANY,REB,105.0,105.0,105.0,105.0,1,105.0,1,18527880.0
REBAB COMPANY,07/04/2026,REBAB COMPANY,REB,105.0,105.0,105.0,105.0,2,210.0,1,18527880.0
REBAB COMPANY,06/04/2026,REBAB COMPANY,REB,-,104.0,-,-,-,-,-,18351424.0
REBAB COMPANY,03/04/2026,REBAB COMPANY,REB,-,104.0,-,-,-,-,-,18351424.0
REBAB COMPANY,02/04/2026,REBAB COMPANY,REB,104.0,104.0,104.0,104.0,16,1664.0,4,18351424.0
REBAB COMPANY,01/04/2026,REBAB COMPANY,REB,-,105.0,-,-,-,-,-,18527880.0
REBAB COMPANY,31/03/2026,REBAB COMPANY,REB,-,105.0,-,-,-,-,-,18527880.0
REBAB COMPANY,30/03/2026,REBAB COMPANY,REB,-,105.0,-,-,-,-,-,18527880.0
REBAB COMPANY,27/03/2026,REBAB COMPANY,REB,-,105.0,-,-,-,-,-,18527880.0
REBAB COMPANY,26/03/2026,REBAB COMPANY,REB,105.0,105.0,105.0,105.0,10,1050.0,2,18527880.0
REBAB COMPANY,25/03/2026,REBAB COMPANY,REB,-,107.25,-,-,-,-,-,18924906.0
REBAB COMPANY,24/03/2026,REBAB COMPANY,REB,-,107.25,-,-,-,-,-,18924906.0
RESIDENCES DAR SAADA,09/04/2026,RESIDENCES DAR SAADA,RDS,144.15,142.05,145.0,142.0,14053,2007359.65,106,3722967142.5
RESIDENCES DAR SAADA,08/04/2026,RESIDENCES DAR SAADA,RDS,147.0,147.0,147.0,142.0,43377,6324230.45,261,3852700950.0
RESIDENCES DAR SAADA,07/04/2026,RESIDENCES DAR SAADA,RDS,140.5,135.6,143.0,135.05,34592,4752968.9,206,3553920060.0
RESIDENCES DAR SAADA,06/04/2026,RESIDENCES DAR SAADA,RDS,142.0,140.2,143.55,140.0,13432,1893941.45,136,3674480770.0
RESIDENCES DAR SAADA,03/04/2026,RESIDENCES DAR SAADA,RDS,142.15,141.3,145.7,141.3,67718,9599858.2,136,3703310505.0
RESIDENCES DAR SAADA,02/04/2026,RESIDENCES DAR SAADA,RDS,142.65,143.0,146.5,142.6,31694,4546482.4,135,3747865550.0
RESIDENCES DAR SAADA,01/04/2026,RESIDENCES DAR SAADA,RDS,142.4,145.65,148.4,142.4,55742,8090517.55,204,3817319002.5
RESIDENCES DAR SAADA,31/03/2026,RESIDENCES DAR SAADA,RDS,144.0,141.6,144.0,136.0,61696,8605842.75,283,3711173160.0
RESIDENCES DAR SAADA,30/03/2026,RESIDENCES DAR SAADA,RDS,143.95,144.0,144.5,141.0,10098,1449873.5,70,3774074400.0
RESIDENCES DAR SAADA,27/03/2026,RESIDENCES DAR SAADA,RDS,145.45,143.5,146.5,141.1,49197,7101002.3,138,3760969975.0
RESIDENCES DAR SAADA,26/03/2026,RESIDENCES DAR SAADA,RDS,149.0,144.85,149.0,143.55,21037,3060011.85,154,3796351922.5
RESIDENCES DAR SAADA,25/03/2026,RESIDENCES DAR SAADA,RDS,142.0,149.25,149.95,140.15,696118,98376073.6,317,3911670862.5
RESIDENCES DAR SAADA,24/03/2026,RESIDENCES DAR SAADA,RDS,141.0,141.0,141.0,138.1,27380,3844045.65,123,3695447850.0
RISMA,09/04/2026,RISMA,RIS,329.9,330.0,330.0,317.0,15858,5202662.9,349,5284003560.0
RISMA,08/04/2026,RISMA,RIS,320.0,330.0,330.0,320.0,35178,11523520.1,609,5284003560.0
RISMA,07/04/2026,RISMA,RIS,315.0,310.0,319.0,310.0,3355,1047262.2,263,4963760920.0
RISMA,06/04/2026,RISMA,RIS,321.0,316.0,323.95,316.0,2956,943054.65,338,5059833712.0
RISMA,03/04/2026,RISMA,RIS,310.3,324.5,325.0,310.3,37549,12011733.75,810,5195936834.0
RISMA,02/04/2026,RISMA,RIS,307.05,310.0,310.0,307.05,6187,1914055.65,266,4963760920.0
RISMA,01/04/2026,RISMA,RIS,306.0,314.0,315.0,306.0,12558,3884254.1,369,5027809448.0
RISMA,31/03/2026,RISMA,RIS,305.0,302.0,306.9,299.1,11117,3363654.35,346,4835663864.0
RISMA,30/03/2026,RISMA,RIS,305.0,309.5,314.0,305.0,2001,616077.3,271,4955754854.0
RISMA,27/03/2026,RISMA,RIS,305.0,315.0,315.0,303.0,4117,1277400.55,314,5043821580.0
RISMA,26/03/2026,RISMA,RIS,315.0,309.0,318.0,308.0,13245,4125936.2,406,4947748788.0
RISMA,25/03/2026,RISMA,RIS,302.0,310.0,310.0,302.0,4338,1331757.1,391,4963760920.0
RISMA,24/03/2026,RISMA,RIS,304.0,306.0,310.0,303.0,3524,1080018.9,364,4899712392.0
S.M MONETIQUE,09/04/2026,S.M MONETIQUE,S2M,560.0,560.0,560.0,560.0,12,6720.0,3,454759200.0
S.M MONETIQUE,08/04/2026,S.M MONETIQUE,S2M,540.0,570.5,575.0,540.0,86,47279.0,9,463285935.0
S.M MONETIQUE,07/04/2026,S.M MONETIQUE,S2M,569.0,526.0,569.0,525.0,111,61739.0,11,427148820.0
S.M MONETIQUE,06/04/2026,S.M MONETIQUE,S2M,557.0,549.0,557.0,549.0,14,7747.0,7,445826430.0
S.M MONETIQUE,03/04/2026,S.M MONETIQUE,S2M,520.0,559.0,559.0,516.0,14,7658.0,5,453947130.0
S.M MONETIQUE,02/04/2026,S.M MONETIQUE,S2M,549.0,520.0,549.0,520.0,323,171603.7,13,422276400.0
S.M MONETIQUE,01/04/2026,S.M MONETIQUE,S2M,550.0,535.0,569.0,535.0,1176,647741.4,18,434457450.0
S.M MONETIQUE,31/03/2026,S.M MONETIQUE,S2M,550.0,550.0,550.0,550.0,102,56100.0,3,446638500.0
S.M MONETIQUE,30/03/2026,S.M MONETIQUE,S2M,537.0,555.0,555.0,537.0,128,69564.0,5,450698850.0
S.M MONETIQUE,27/03/2026,S.M MONETIQUE,S2M,554.0,555.0,555.0,554.0,913,506651.8,14,450698850.0
S.M MONETIQUE,26/03/2026,S.M MONETIQUE,S2M,540.0,540.0,550.0,540.0,593,322780.0,9,438517800.0
S.M MONETIQUE,25/03/2026,S.M MONETIQUE,S2M,548.1,540.0,548.1,540.0,276,149484.0,9,438517800.0
S.M MONETIQUE,24/03/2026,S.M MONETIQUE,S2M,531.0,548.8,550.0,531.0,151,82586.0,10,445664016.0
SALAFIN,09/04/2026,SALAFIN,SLF,475.0,475.0,475.0,475.0,1158,550050.0,37,1483956525.0
SALAFIN,08/04/2026,SALAFIN,SLF,480.0,480.0,480.0,480.0,1232,591360.0,33,1499577120.0
SALAFIN,07/04/2026,SALAFIN,SLF,505.0,505.0,505.0,505.0,20,10100.0,1,1577680095.0
SALAFIN,06/04/2026,SALAFIN,SLF,501.2,501.2,501.2,501.2,1,501.2,1,1565808442.8
SALAFIN,03/04/2026,SALAFIN,SLF,518.0,518.0,518.0,518.0,170,88060.0,5,1618293642.0
SALAFIN,02/04/2026,SALAFIN,SLF,524.8,524.8,524.8,524.8,670,351616.0,5,1639537651.2
SALAFIN,01/04/2026,SALAFIN,SLF,500.0,500.0,500.0,500.0,468,234000.0,16,1562059500.0
SALAFIN,31/03/2026,SALAFIN,SLF,500.0,500.0,500.0,500.0,100,50000.0,9,1562059500.0
SALAFIN,30/03/2026,SALAFIN,SLF,529.9,529.9,529.9,529.9,450,238455.0,2,1655470658.1
SALAFIN,27/03/2026,SALAFIN,SLF,508.0,508.0,508.0,508.0,2157,1095756.0,15,1587052452.0
SALAFIN,26/03/2026,SALAFIN,SLF,540.0,540.0,540.0,540.0,150,81000.0,5,1687024260.0
SALAFIN,25/03/2026,SALAFIN,SLF,539.9,539.9,539.9,539.9,50,26995.0,2,1686711848.1
SALAFIN,24/03/2026,SALAFIN,SLF,-,533.0,-,-,-,-,-,1665155427.0
SANLAM MAROC,09/04/2026,SANLAM MAROC,SAH,2814.0,2900.0,2900.0,2710.0,85,240535.0,16,11938934600.0
SANLAM MAROC,08/04/2026,SANLAM MAROC,SAH,2900.0,2900.0,2900.0,2900.0,280,812000.0,10,11938934600.0
SANLAM MAROC,07/04/2026,SANLAM MAROC,SAH,-,2698.0,-,-,-,-,-,11107326052.0
SANLAM MAROC,06/04/2026,SANLAM MAROC,SAH,2600.0,2698.0,2698.0,2550.0,17,45228.0,7,11107326052.0
SANLAM MAROC,03/04/2026,SANLAM MAROC,SAH,2565.0,2700.0,2700.0,2565.0,126,337026.0,22,11115559800.0
SANLAM MAROC,02/04/2026,SANLAM MAROC,SAH,2566.0,2687.0,2689.0,2566.0,12,31096.0,7,11062040438.0
SANLAM MAROC,01/04/2026,SANLAM MAROC,SAH,2700.0,2700.0,2700.0,2700.0,13,35100.0,4,11115559800.0
SANLAM MAROC,31/03/2026,SANLAM MAROC,SAH,2476.0,2780.0,2780.0,2476.0,65,170818.0,17,11444909720.0
SANLAM MAROC,30/03/2026,SANLAM MAROC,SAH,2500.0,2698.0,2698.0,2431.0,10,24793.0,8,11107326052.0
SANLAM MAROC,27/03/2026,SANLAM MAROC,SAH,2320.0,2700.0,2700.0,2320.0,524,1406787.0,15,11115559800.0
SANLAM MAROC,26/03/2026,SANLAM MAROC,SAH,-,2500.0,-,-,-,-,-,10292185000.0
SANLAM MAROC,25/03/2026,SANLAM MAROC,SAH,2500.0,2500.0,2500.0,2500.0,63,157500.0,11,10292185000.0
SANLAM MAROC,24/03/2026,SANLAM MAROC,SAH,2170.0,2290.0,2290.0,2170.0,130,294100.0,8,9427641460.0
SAMIR,09/04/2026,SAMIR,SAM,-,127.8,-,-,-,-,-,1520777187.0
SAMIR,08/04/2026,SAMIR,SAM,-,127.8,-,-,-,-,-,1520777187.0
SAMIR,07/04/2026,SAMIR,SAM,-,127.8,-,-,-,-,-,1520777187.0
SAMIR,06/04/2026,SAMIR,SAM,-,127.8,-,-,-,-,-,1520777187.0
SAMIR,03/04/2026,SAMIR,SAM,-,127.8,-,-,-,-,-,1520777187.0
SAMIR,02/04/2026,SAMIR,SAM,-,127.8,-,-,-,-,-,1520777187.0
SAMIR,01/04/2026,SAMIR,SAM,-,127.8,-,-,-,-,-,1520777187.0
SAMIR,31/03/2026,SAMIR,SAM,-,127.8,-,-,-,-,-,1520777187.0
SAMIR,30/03/2026,SAMIR,SAM,-,127.8,-,-,-,-,-,1520777187.0
SAMIR,27/03/2026,SAMIR,SAM,-,127.8,-,-,-,-,-,1520777187.0
SAMIR,26/03/2026,SAMIR,SAM,-,127.8,-,-,-,-,-,1520777187.0
SAMIR,25/03/2026,SAMIR,SAM,-,127.8,-,-,-,-,-,1520777187.0
SAMIR,24/03/2026,SAMIR,SAM,-,127.8,-,-,-,-,-,1520777187.0
SGTM S.A,09/04/2026,SGTM S.A,GTM,743.0,731.5,743.0,726.2,5871,4333695.2,325,43890000000.0
SGTM S.A,08/04/2026,SGTM S.A,GTM,726.0,741.5,744.9,725.0,68156,50308761.3,754,44490000000.0
SGTM S.A,07/04/2026,SGTM S.A,GTM,709.5,701.0,709.5,700.1,47356,33266419.2,507,42060000000.0
SGTM S.A,06/04/2026,SGTM S.A,GTM,706.0,717.0,718.9,700.1,22030,15580785.5,506,43020000000.0
SGTM S.A,03/04/2026,SGTM S.A,GTM,712.5,710.0,720.0,710.0,43456,31049338.8,434,42600000000.0
SGTM S.A,02/04/2026,SGTM S.A,GTM,718.4,720.0,726.0,710.5,15962,11463720.3,253,43200000000.0
SGTM S.A,01/04/2026,SGTM S.A,GTM,720.0,725.1,730.0,720.0,9967,7215649.5,413,43506000000.0
SGTM S.A,31/03/2026,SGTM S.A,GTM,705.0,717.5,719.0,702.0,19926,14091689.5,324,43050000000.0
SGTM S.A,30/03/2026,SGTM S.A,GTM,720.0,701.6,720.0,701.0,13593,9609351.0,517,42096000000.0
SGTM S.A,27/03/2026,SGTM S.A,GTM,720.1,720.0,725.0,720.0,8829,6359647.4,249,43200000000.0
SGTM S.A,26/03/2026,SGTM S.A,GTM,729.0,717.6,729.0,716.2,21447,15453120.7,269,43056000000.0
SGTM S.A,25/03/2026,SGTM S.A,GTM,713.0,730.0,730.0,711.0,45788,33012634.6,401,43800000000.0
SGTM S.A,24/03/2026,SGTM S.A,GTM,725.0,713.1,730.0,711.0,14900,10690719.5,435,42786000000.0
SMI,09/04/2026,SMI,SMI,7415.0,7715.0,7715.0,7312.0,553,4167141.0,107,12691869350.0
SMI,08/04/2026,SMI,SMI,7720.0,7566.0,7720.0,7300.0,1357,10264206.0,204,12446750940.0
SMI,07/04/2026,SMI,SMI,7720.0,7031.0,8100.0,7030.0,3124,23223546.0,504,11566627790.0
SMI,06/04/2026,SMI,SMI,7099.0,7700.0,7800.0,6919.0,2316,17655563.0,388,12667193000.0
SMI,03/04/2026,SMI,SMI,6598.0,7101.0,7101.0,6598.0,4152,29099220.0,334,11681784090.0
SMI,02/04/2026,SMI,SMI,6420.0,6543.0,6690.0,6420.0,1255,8229083.0,140,10763823870.0
SMI,01/04/2026,SMI,SMI,6200.0,6734.0,6734.0,6200.0,4496,29172815.0,234,11078036060.0
SMI,31/03/2026,SMI,SMI,6188.0,6122.0,6188.0,6055.0,337,2062993.0,57,10071240980.0
SMI,30/03/2026,SMI,SMI,5995.0,6039.0,6100.0,5962.0,474,2863865.0,71,9934698510.0
SMI,27/03/2026,SMI,SMI,6080.0,5820.0,6080.0,5820.0,714,4179075.0,125,9574423800.0
SMI,26/03/2026,SMI,SMI,5950.0,6000.0,6090.0,5811.0,807,4815209.0,86,9870540000.0
SMI,25/03/2026,SMI,SMI,5990.0,6115.0,6169.0,5990.0,2672,16151434.0,177,10059725350.0
SMI,24/03/2026,SMI,SMI,5762.0,5760.0,5820.0,5626.0,1241,7142110.0,149,9475718400.0
SNEP,09/04/2026,SNEP,SNP,400.0,399.8,400.0,399.8,358,143186.2,13,959520000.0
SNEP,08/04/2026,SNEP,SNP,388.1,400.0,400.0,388.1,5481,2170063.7,38,960000000.0
SNEP,07/04/2026,SNEP,SNP,385.0,385.0,385.0,382.5,844,324129.8,25,924000000.0
SNEP,06/04/2026,SNEP,SNP,385.0,383.1,390.0,383.1,2534,972205.7,32,919440000.0
SNEP,03/04/2026,SNEP,SNP,404.0,385.0,404.0,383.05,2072,799442.95,52,924000000.0
SNEP,02/04/2026,SNEP,SNP,385.0,390.0,400.0,382.0,1077,416306.65,50,936000000.0
SNEP,01/04/2026,SNEP,SNP,390.05,382.0,390.05,382.0,4311,1664202.15,63,916800000.0
SNEP,31/03/2026,SNEP,SNP,392.7,380.0,395.5,375.0,12208,4690146.4,259,912000000.0
SNEP,30/03/2026,SNEP,SNP,411.5,402.0,412.0,402.0,1688,679268.65,49,964800000.0
SNEP,27/03/2026,SNEP,SNP,427.0,410.0,440.0,410.0,1781,742511.0,90,984000000.0
SNEP,26/03/2026,SNEP,SNP,431.0,430.0,440.0,430.0,137,59245.9,16,1032000000.0
SNEP,25/03/2026,SNEP,SNP,439.0,440.0,440.0,439.0,70,30794.4,4,1056000000.0
SNEP,24/03/2026,SNEP,SNP,450.0,435.0,450.0,435.0,50,21990.0,4,1044000000.0
SOCIETE DES BOISSONS DU MAROC,09/04/2026,SOCIETE DES BOISSONS DU MAROC,SBM,2170.0,2200.0,2200.0,2170.0,43,93400.0,3,6225236600.0
SOCIETE DES BOISSONS DU MAROC,08/04/2026,SOCIETE DES BOISSONS DU MAROC,SBM,2200.0,2220.0,2220.0,2200.0,23,50640.0,4,6281829660.0
SOCIETE DES BOISSONS DU MAROC,07/04/2026,SOCIETE DES BOISSONS DU MAROC,SBM,2208.0,2200.0,2208.0,2200.0,22,48512.0,3,6225236600.0
SOCIETE DES BOISSONS DU MAROC,06/04/2026,SOCIETE DES BOISSONS DU MAROC,SBM,2250.0,2250.0,2250.0,2250.0,5,11250.0,1,6366719250.0
SOCIETE DES BOISSONS DU MAROC,03/04/2026,SOCIETE DES BOISSONS DU MAROC,SBM,2150.0,2258.0,2258.0,2150.0,23544,50619816.0,44,6389356474.0
SOCIETE DES BOISSONS DU MAROC,02/04/2026,SOCIETE DES BOISSONS DU MAROC,SBM,2270.0,2270.0,2270.0,2270.0,2,4540.0,1,6423312310.0
SOCIETE DES BOISSONS DU MAROC,01/04/2026,SOCIETE DES BOISSONS DU MAROC,SBM,2090.0,2200.0,2275.0,2090.0,59,130290.0,5,6225236600.0
SOCIETE DES BOISSONS DU MAROC,31/03/2026,SOCIETE DES BOISSONS DU MAROC,SBM,2280.0,2250.0,2280.0,2250.0,9,20340.0,2,6366719250.0
SOCIETE DES BOISSONS DU MAROC,30/03/2026,SOCIETE DES BOISSONS DU MAROC,SBM,2290.0,2290.0,2290.0,2290.0,3,6870.0,1,6479905370.0
SOCIETE DES BOISSONS DU MAROC,27/03/2026,SOCIETE DES BOISSONS DU MAROC,SBM,2255.0,2150.0,2340.0,2150.0,3862,8801871.0,33,6083753950.0
SOCIETE DES BOISSONS DU MAROC,26/03/2026,SOCIETE DES BOISSONS DU MAROC,SBM,2135.0,2227.0,2227.0,2135.0,2650,5890308.0,25,6301637231.0
SOCIETE DES BOISSONS DU MAROC,25/03/2026,SOCIETE DES BOISSONS DU MAROC,SBM,2100.0,2025.0,2100.0,2025.0,164,335400.0,5,5730047325.0
SOCIETE DES BOISSONS DU MAROC,24/03/2026,SOCIETE DES BOISSONS DU MAROC,SBM,2001.0,2001.0,2001.0,2001.0,10,20010.0,3,5662135653.0
SODEP-Marsa Maroc,09/04/2026,SODEP-Marsa Maroc,MSA,840.0,817.4,840.0,813.0,14562,11959734.8,178,59993563440.0
SODEP-Marsa Maroc,08/04/2026,SODEP-Marsa Maroc,MSA,803.0,819.0,819.0,800.0,82513,66755094.3,399,60110996400.0
SODEP-Marsa Maroc,07/04/2026,SODEP-Marsa Maroc,MSA,785.0,770.0,785.0,770.0,5216,4043965.0,145,56514612000.0
SODEP-Marsa Maroc,06/04/2026,SODEP-Marsa Maroc,MSA,780.0,770.0,790.0,770.0,65244,50278890.3,163,56514612000.0
SODEP-Marsa Maroc,03/04/2026,SODEP-Marsa Maroc,MSA,787.0,775.0,790.0,775.0,51844,40389159.3,168,56881590000.0
SODEP-Marsa Maroc,02/04/2026,SODEP-Marsa Maroc,MSA,785.0,782.0,791.0,775.0,21032,16423803.7,112,57395359200.0
SODEP-Marsa Maroc,01/04/2026,SODEP-Marsa Maroc,MSA,780.1,788.0,794.1,780.1,15562,12251278.9,140,57835732800.0
SODEP-Marsa Maroc,31/03/2026,SODEP-Marsa Maroc,MSA,780.0,764.9,780.0,760.0,3664,2814409.3,162,56140294440.0
SODEP-Marsa Maroc,30/03/2026,SODEP-Marsa Maroc,MSA,777.0,776.0,788.0,776.0,1347,1049841.5,88,56954985600.0
SODEP-Marsa Maroc,27/03/2026,SODEP-Marsa Maroc,MSA,803.0,762.0,803.0,762.0,27113,20820289.4,285,55927447200.0
SODEP-Marsa Maroc,26/03/2026,SODEP-Marsa Maroc,MSA,795.0,780.2,825.0,780.2,11876,9416739.6,215,57263247120.0
SODEP-Marsa Maroc,25/03/2026,SODEP-Marsa Maroc,MSA,794.0,805.0,805.0,790.5,4350,3480397.2,163,59083458000.0
SODEP-Marsa Maroc,24/03/2026,SODEP-Marsa Maroc,MSA,783.0,775.0,791.0,775.0,17083,13283921.1,214,56881590000.0
SONASID,09/04/2026,SONASID,SID,1950.0,1920.0,1950.0,1920.0,324,623910.0,15,7488000000.0
SONASID,08/04/2026,SONASID,SID,1937.0,1950.0,1999.0,1902.0,3395,6660384.0,99,7605000000.0
SONASID,07/04/2026,SONASID,SID,1860.0,1830.0,1879.0,1802.0,381,698512.0,34,7137000000.0
SONASID,06/04/2026,SONASID,SID,1850.0,1860.0,1860.0,1820.0,37,67809.0,7,7254000000.0
SONASID,03/04/2026,SONASID,SID,1825.0,1850.0,1850.0,1825.0,72,131950.0,5,7215000000.0
SONASID,02/04/2026,SONASID,SID,1853.0,1850.0,1890.0,1850.0,159,295558.0,12,7215000000.0
SONASID,01/04/2026,SONASID,SID,1810.0,1850.0,1860.0,1810.0,440,813900.0,11,7215000000.0
SONASID,31/03/2026,SONASID,SID,1820.0,1800.0,1820.0,1775.0,1599,2873748.0,41,7020000000.0
SONASID,30/03/2026,SONASID,SID,1809.0,1809.0,1816.0,1809.0,107,193890.0,10,7055100000.0
SONASID,27/03/2026,SONASID,SID,1865.0,1806.0,1866.0,1806.0,1010,1824359.0,18,7043400000.0
SONASID,26/03/2026,SONASID,SID,1907.0,1865.0,1907.0,1865.0,2207,4117113.0,18,7273500000.0
SONASID,25/03/2026,SONASID,SID,1831.0,1895.0,1895.0,1831.0,240,444560.0,8,7390500000.0
SONASID,24/03/2026,SONASID,SID,1907.0,1831.0,1907.0,1831.0,235,438352.0,30,7140900000.0
SOTHEMA,09/04/2026,SOTHEMA,SOT,1663.0,1620.0,1663.0,1620.0,40,65564.0,9,12412278000.0
SOTHEMA,08/04/2026,SOTHEMA,SOT,1648.0,1660.0,1665.0,1648.0,324,537712.0,14,12718754000.0
SOTHEMA,07/04/2026,SOTHEMA,SOT,1611.0,1605.0,1611.0,1581.0,75,119770.0,15,12297349500.0
SOTHEMA,06/04/2026,SOTHEMA,SOT,1600.0,1611.0,1611.0,1600.0,30,48196.0,7,12343320900.0
SOTHEMA,03/04/2026,SOTHEMA,SOT,1614.0,1609.0,1614.0,1575.0,130,208355.0,27,12327997100.0
SOTHEMA,02/04/2026,SOTHEMA,SOT,1640.0,1550.0,1640.0,1550.0,16621,26582946.0,54,11875945000.0
SOTHEMA,01/04/2026,SOTHEMA,SOT,1620.0,1600.0,1620.0,1576.0,3262,5219413.0,12,12259040000.0
SOTHEMA,31/03/2026,SOTHEMA,SOT,1620.0,1620.0,1620.0,1600.0,24,38671.0,5,12412278000.0
SOTHEMA,30/03/2026,SOTHEMA,SOT,1600.0,1629.0,1629.0,1600.0,76,122073.0,12,12481235100.0
SOTHEMA,27/03/2026,SOTHEMA,SOT,1610.0,1600.0,1630.0,1600.0,281,452843.0,16,12259040000.0
SOTHEMA,26/03/2026,SOTHEMA,SOT,1626.0,1605.0,1626.0,1575.0,46,73397.0,14,12297349500.0
SOTHEMA,25/03/2026,SOTHEMA,SOT,1649.0,1585.0,1650.0,1585.0,1723,2734717.0,35,12144111500.0
SOTHEMA,24/03/2026,SOTHEMA,SOT,1601.0,1581.0,1650.0,1581.0,235,373544.0,25,12113463900.0
STOKVIS NORD AFRIQUE,09/04/2026,STOKVIS NORD AFRIQUE,SNA,72.8,72.3,72.8,71.5,5222,377193.81,75,1279359345.0
STOKVIS NORD AFRIQUE,08/04/2026,STOKVIS NORD AFRIQUE,SNA,72.5,72.75,74.0,71.5,25000,1816171.06,223,1287322162.5
STOKVIS NORD AFRIQUE,07/04/2026,STOKVIS NORD AFRIQUE,SNA,70.0,67.7,70.0,67.0,13893,939464.64,177,1197961655.0
STOKVIS NORD AFRIQUE,06/04/2026,STOKVIS NORD AFRIQUE,SNA,70.1,69.0,70.55,69.0,11294,784021.59,142,1220965350.0
STOKVIS NORD AFRIQUE,03/04/2026,STOKVIS NORD AFRIQUE,SNA,70.99,70.5,70.99,69.16,4003,280313.53,61,1247508075.0
STOKVIS NORD AFRIQUE,02/04/2026,STOKVIS NORD AFRIQUE,SNA,69.99,70.0,71.0,69.99,6107,428128.82,69,1238660500.0
STOKVIS NORD AFRIQUE,01/04/2026,STOKVIS NORD AFRIQUE,SNA,71.0,69.74,72.0,69.0,26560,1862202.69,210,1234059761.0
STOKVIS NORD AFRIQUE,31/03/2026,STOKVIS NORD AFRIQUE,SNA,69.0,69.1,70.6,69.0,4925,341233.71,96,1222734865.0
STOKVIS NORD AFRIQUE,30/03/2026,STOKVIS NORD AFRIQUE,SNA,69.5,70.1,70.92,69.5,6315,442978.89,87,1240430015.0
STOKVIS NORD AFRIQUE,27/03/2026,STOKVIS NORD AFRIQUE,SNA,70.0,70.0,70.99,69.0,25154,1755210.17,164,1238660500.0
STOKVIS NORD AFRIQUE,26/03/2026,STOKVIS NORD AFRIQUE,SNA,73.0,70.99,73.0,68.1,14806,1040601.99,182,1256178698.5
STOKVIS NORD AFRIQUE,25/03/2026,STOKVIS NORD AFRIQUE,SNA,72.2,73.0,73.0,70.64,6903,497909.2,92,1291745950.0
STOKVIS NORD AFRIQUE,24/03/2026,STOKVIS NORD AFRIQUE,SNA,72.5,71.9,72.95,70.0,9695,695956.63,122,1272281285.0
STROC INDUSTRIE,09/04/2026,STROC INDUSTRIE,STR,166.5,162.55,167.0,158.15,1069,173705.2,26,202946113.25
STROC INDUSTRIE,08/04/2026,STROC INDUSTRIE,STR,162.0,166.15,169.0,162.0,1469,242348.25,65,207440767.25
STROC INDUSTRIE,07/04/2026,STROC INDUSTRIE,STR,160.0,158.95,160.0,151.5,1472,232134.0,48,198451459.25
STROC INDUSTRIE,06/04/2026,STROC INDUSTRIE,STR,161.3,158.0,165.0,158.0,3112,496536.45,61,197265370.0
STROC INDUSTRIE,03/04/2026,STROC INDUSTRIE,STR,164.0,161.3,164.0,161.1,174,28201.25,16,201385469.5
STROC INDUSTRIE,02/04/2026,STROC INDUSTRIE,STR,164.0,163.2,164.0,160.0,1223,196547.65,52,203757648.0
STROC INDUSTRIE,01/04/2026,STROC INDUSTRIE,STR,164.45,163.05,166.0,163.0,557,91738.95,21,203570370.75
STROC INDUSTRIE,31/03/2026,STROC INDUSTRIE,STR,168.8,164.35,168.8,163.0,276,45331.95,21,205193440.25
STROC INDUSTRIE,30/03/2026,STROC INDUSTRIE,STR,169.95,164.0,169.95,163.0,954,157734.45,32,204756460.0
STROC INDUSTRIE,27/03/2026,STROC INDUSTRIE,STR,174.0,164.95,174.0,164.0,2144,354251.2,35,205942549.25
STROC INDUSTRIE,26/03/2026,STROC INDUSTRIE,STR,165.2,164.0,166.0,164.0,801,132296.0,20,204756460.0
STROC INDUSTRIE,25/03/2026,STROC INDUSTRIE,STR,165.95,165.0,165.95,160.5,1020,166609.95,29,206004975.0
STROC INDUSTRIE,24/03/2026,STROC INDUSTRIE,STR,165.0,160.0,165.0,160.0,581,93438.05,40,199762400.0
TAQA MOROCCO,09/04/2026,TAQA MOROCCO,TQM,1830.0,1800.0,1842.0,1800.0,1884,3400308.0,50,42459375600.0
TAQA MOROCCO,08/04/2026,TAQA MOROCCO,TQM,1850.0,1800.0,1854.0,1800.0,1418,2570926.0,92,42459375600.0
TAQA MOROCCO,07/04/2026,TAQA MOROCCO,TQM,1799.0,1755.0,1799.0,1755.0,5298,9368578.0,87,41397891210.0
TAQA MOROCCO,06/04/2026,TAQA MOROCCO,TQM,1834.0,1770.0,1855.0,1770.0,14434,25651378.0,152,41751719340.0
TAQA MOROCCO,03/04/2026,TAQA MOROCCO,TQM,1847.0,1800.0,1847.0,1770.0,31244,55351273.0,138,42459375600.0
TAQA MOROCCO,02/04/2026,TAQA MOROCCO,TQM,1800.0,1847.0,1850.0,1800.0,216,392785.0,43,43568037074.0
TAQA MOROCCO,01/04/2026,TAQA MOROCCO,TQM,1810.0,1850.0,1850.0,1800.0,651,1190732.0,40,43638802700.0
TAQA MOROCCO,31/03/2026,TAQA MOROCCO,TQM,1818.0,1750.0,1818.0,1750.0,1811,3175280.0,68,41279948500.0
TAQA MOROCCO,30/03/2026,TAQA MOROCCO,TQM,1770.0,1800.0,1820.0,1770.0,51,91586.0,21,42459375600.0
TAQA MOROCCO,27/03/2026,TAQA MOROCCO,TQM,1870.0,1770.0,1870.0,1770.0,7572,13435763.0,110,41751719340.0
TAQA MOROCCO,26/03/2026,TAQA MOROCCO,TQM,1870.0,1864.0,1870.0,1820.0,174,321647.0,16,43969042288.0
TAQA MOROCCO,25/03/2026,TAQA MOROCCO,TQM,1870.0,1867.0,1870.0,1810.0,1583,2883378.0,46,44039807914.0
TAQA MOROCCO,24/03/2026,TAQA MOROCCO,TQM,1870.0,1870.0,1885.0,1853.0,148,277095.0,28,44110573540.0
TGCC S.A,09/04/2026,TGCC S.A,TGC,769.9,762.0,769.9,756.2,13625,10368639.7,193,26421840984.0
TGCC S.A,08/04/2026,TGCC S.A,TGC,755.2,769.9,774.0,755.0,68331,52098460.5,609,26695768206.8
TGCC S.A,07/04/2026,TGCC S.A,TGC,736.0,730.0,744.0,725.0,43719,32311850.2,278,25312262360.0
TGCC S.A,06/04/2026,TGCC S.A,TGC,746.0,744.0,749.0,735.0,5539,4106876.2,197,25797703008.0
TGCC S.A,03/04/2026,TGCC S.A,TGC,746.2,746.0,752.0,746.0,30076,22475651.8,195,25867051672.0
TGCC S.A,02/04/2026,TGCC S.A,TGC,748.0,751.8,754.0,741.0,66602,50044920.2,248,26068162797.6
TGCC S.A,01/04/2026,TGCC S.A,TGC,745.3,754.0,759.9,745.3,52049,39155322.1,342,26144446328.0
TGCC S.A,31/03/2026,TGCC S.A,TGC,750.0,739.0,750.0,731.0,10506,7762310.0,225,25624331348.0
TGCC S.A,30/03/2026,TGCC S.A,TGC,740.0,740.1,746.0,736.0,3989,2947009.3,185,25662473113.2
TGCC S.A,27/03/2026,TGCC S.A,TGC,749.7,749.9,749.9,737.0,14160,10596798.6,215,26002281566.8
TGCC S.A,26/03/2026,TGCC S.A,TGC,743.8,750.0,750.0,733.5,14187,10576681.5,275,26005749000.0
TGCC S.A,25/03/2026,TGCC S.A,TGC,730.0,750.0,750.0,721.0,21764,16028785.7,375,26005749000.0
TGCC S.A,24/03/2026,TGCC S.A,TGC,735.0,725.0,735.0,718.0,17374,12562645.8,352,25138890700.0
TOTALENERGIES MARKETING MAROC,09/04/2026,TOTALENERGIES MARKETING MAROC,TMA,1528.0,1500.0,1529.0,1500.0,274,413847.0,35,13440000000.0
TOTALENERGIES MARKETING MAROC,08/04/2026,TOTALENERGIES MARKETING MAROC,TMA,1526.0,1500.0,1537.0,1500.0,492,744280.0,68,13440000000.0
TOTALENERGIES MARKETING MAROC,07/04/2026,TOTALENERGIES MARKETING MAROC,TMA,1500.0,1500.0,1500.0,1496.0,165,247156.0,17,13440000000.0
TOTALENERGIES MARKETING MAROC,06/04/2026,TOTALENERGIES MARKETING MAROC,TMA,1500.0,1496.0,1500.0,1496.0,158,236846.0,28,13404160000.0
TOTALENERGIES MARKETING MAROC,03/04/2026,TOTALENERGIES MARKETING MAROC,TMA,1500.0,1500.0,1500.0,1487.0,177,265347.0,26,13440000000.0
TOTALENERGIES MARKETING MAROC,02/04/2026,TOTALENERGIES MARKETING MAROC,TMA,1500.0,1492.0,1500.0,1490.0,434,650208.0,47,13368320000.0
TOTALENERGIES MARKETING MAROC,01/04/2026,TOTALENERGIES MARKETING MAROC,TMA,1500.0,1500.0,1526.0,1500.0,981,1472270.0,57,13440000000.0
TOTALENERGIES MARKETING MAROC,31/03/2026,TOTALENERGIES MARKETING MAROC,TMA,1525.0,1499.0,1525.0,1499.0,690,1035822.0,44,13431040000.0
TOTALENERGIES MARKETING MAROC,30/03/2026,TOTALENERGIES MARKETING MAROC,TMA,1500.0,1526.0,1534.0,1500.0,516,774426.0,22,13672960000.0
TOTALENERGIES MARKETING MAROC,27/03/2026,TOTALENERGIES MARKETING MAROC,TMA,1527.0,1471.0,1546.0,1471.0,1774,2623497.0,143,13180160000.0
TOTALENERGIES MARKETING MAROC,26/03/2026,TOTALENERGIES MARKETING MAROC,TMA,1590.0,1500.0,1590.0,1500.0,1899,2886308.0,169,13440000000.0
TOTALENERGIES MARKETING MAROC,25/03/2026,TOTALENERGIES MARKETING MAROC,TMA,1600.0,1584.0,1600.0,1584.0,180,287066.0,17,14192640000.0
TOTALENERGIES MARKETING MAROC,24/03/2026,TOTALENERGIES MARKETING MAROC,TMA,1595.0,1540.0,1595.0,1540.0,163,253187.0,33,13798400000.0
UNIMER,09/04/2026,UNIMER,UMR,160.0,160.0,160.0,160.0,100,16000.0,4,1826220800.0
UNIMER,08/04/2026,UNIMER,UMR,157.0,157.0,157.0,157.0,10,1570.0,2,1791979160.0
UNIMER,07/04/2026,UNIMER,UMR,-,160.0,-,-,-,-,-,1826220800.0
UNIMER,06/04/2026,UNIMER,UMR,-,160.0,-,-,-,-,-,1826220800.0
UNIMER,03/04/2026,UNIMER,UMR,-,160.0,-,-,-,-,-,1826220800.0
UNIMER,02/04/2026,UNIMER,UMR,-,160.0,-,-,-,-,-,1826220800.0
UNIMER,01/04/2026,UNIMER,UMR,-,160.0,-,-,-,-,-,1826220800.0
UNIMER,31/03/2026,UNIMER,UMR,-,160.0,-,-,-,-,-,1826220800.0
UNIMER,30/03/2026,UNIMER,UMR,-,160.0,-,-,-,-,-,1826220800.0
UNIMER,27/03/2026,UNIMER,UMR,-,160.0,-,-,-,-,-,1826220800.0
UNIMER,26/03/2026,UNIMER,UMR,-,160.0,-,-,-,-,-,1826220800.0
UNIMER,25/03/2026,UNIMER,UMR,-,160.0,-,-,-,-,-,1826220800.0
UNIMER,24/03/2026,UNIMER,UMR,160.0,160.0,160.0,160.0,55,8800.0,2,1826220800.0
VICENNE,09/04/2026,VICENNE,VCN,416.95,418.0,418.0,405.0,11568,4762429.95,122,4288199300.0
VICENNE,08/04/2026,VICENNE,VCN,412.95,418.0,418.0,405.0,12658,5258693.7,186,4288199300.0
VICENNE,07/04/2026,VICENNE,VCN,400.0,389.0,407.0,389.0,142840,56365789.45,301,3990692650.0
VICENNE,06/04/2026,VICENNE,VCN,412.0,399.0,412.0,399.0,39842,16192321.5,202,4093281150.0
VICENNE,03/04/2026,VICENNE,VCN,407.0,412.0,412.0,406.0,2640,1084588.1,66,4226646200.0
VICENNE,02/04/2026,VICENNE,VCN,414.9,412.0,414.9,408.0,3918,1611948.05,112,4226646200.0
VICENNE,01/04/2026,VICENNE,VCN,417.9,417.2,424.0,415.1,8434,3534993.45,119,4279992220.0
VICENNE,31/03/2026,VICENNE,VCN,412.5,410.0,425.0,410.0,2657,1094155.9,80,4206128500.0
VICENNE,30/03/2026,VICENNE,VCN,419.0,421.0,424.0,415.0,3290,1378425.9,107,4318975850.0
VICENNE,27/03/2026,VICENNE,VCN,420.0,430.0,431.0,416.0,11405,4876558.1,188,4411305500.0
VICENNE,26/03/2026,VICENNE,VCN,405.0,432.0,432.0,398.0,6399,2742384.8,102,4431823200.0
VICENNE,25/03/2026,VICENNE,VCN,403.85,404.0,405.0,400.0,10490,4216691.95,133,4144575400.0
VICENNE,24/03/2026,VICENNE,VCN,404.9,389.0,404.9,389.0,4472,1765130.6,111,3990692650.0
WAFA ASSURANCE,09/04/2026,WAFA ASSURANCE,WAA,4990.0,4851.0,4990.0,4851.0,703,3445242.0,3,16978500000.0
WAFA ASSURANCE,08/04/2026,WAFA ASSURANCE,WAA,4900.0,4901.0,4993.0,4770.0,1065,5219128.0,9,17153500000.0
WAFA ASSURANCE,07/04/2026,WAFA ASSURANCE,WAA,4900.0,4900.0,4900.0,4900.0,50,245000.0,1,17150000000.0
WAFA ASSURANCE,06/04/2026,WAFA ASSURANCE,WAA,-,4900.0,-,-,-,-,-,17150000000.0
WAFA ASSURANCE,03/04/2026,WAFA ASSURANCE,WAA,-,4900.0,-,-,-,-,-,17150000000.0
WAFA ASSURANCE,02/04/2026,WAFA ASSURANCE,WAA,-,4900.0,-,-,-,-,-,17150000000.0
WAFA ASSURANCE,01/04/2026,WAFA ASSURANCE,WAA,4463.0,4900.0,4900.0,4463.0,81,371503.0,4,17150000000.0
WAFA ASSURANCE,31/03/2026,WAFA ASSURANCE,WAA,4845.0,4845.0,4845.0,4845.0,600,2907000.0,4,16957500000.0
WAFA ASSURANCE,30/03/2026,WAFA ASSURANCE,WAA,4900.0,4900.0,4900.0,4900.0,3,14700.0,2,17150000000.0
WAFA ASSURANCE,27/03/2026,WAFA ASSURANCE,WAA,4851.0,4851.0,4851.0,4851.0,1200,5821200.0,5,16978500000.0
WAFA ASSURANCE,26/03/2026,WAFA ASSURANCE,WAA,4998.0,4998.0,4998.0,4998.0,250,1249500.0,4,17493000000.0
WAFA ASSURANCE,25/03/2026,WAFA ASSURANCE,WAA,4850.0,4870.0,4870.0,4850.0,42,204500.0,4,17045000000.0
WAFA ASSURANCE,24/03/2026,WAFA ASSURANCE,WAA,4850.0,4800.0,4850.0,4800.0,368,1766550.0,9,16800000000.0
ZELLIDJA S.A,09/04/2026,ZELLIDJA S.A,ZDJ,217.35,217.35,217.35,217.35,3,652.05,1,124508730.15
ZELLIDJA S.A,08/04/2026,ZELLIDJA S.A,ZDJ,225.0,225.0,225.0,225.0,15,3375.0,3,128891025.0
ZELLIDJA S.A,07/04/2026,ZELLIDJA S.A,ZDJ,225.0,225.0,225.0,225.0,75,16875.0,6,128891025.0
ZELLIDJA S.A,06/04/2026,ZELLIDJA S.A,ZDJ,-,226.4,-,-,-,-,-,129693013.6
ZELLIDJA S.A,03/04/2026,ZELLIDJA S.A,ZDJ,226.4,226.4,226.4,226.4,2,452.8,2,129693013.6
ZELLIDJA S.A,02/04/2026,ZELLIDJA S.A,ZDJ,240.0,240.0,240.0,240.0,1,240.0,1,137483760.0
ZELLIDJA S.A,01/04/2026,ZELLIDJA S.A,ZDJ,239.9,239.9,239.9,239.9,15,3598.5,2,137426475.1
ZELLIDJA S.A,31/03/2026,ZELLIDJA S.A,ZDJ,240.0,240.0,240.0,240.0,285,68400.0,9,137483760.0
ZELLIDJA S.A,30/03/2026,ZELLIDJA S.A,ZDJ,240.0,240.0,240.0,240.0,14,3360.0,6,137483760.0
ZELLIDJA S.A,27/03/2026,ZELLIDJA S.A,ZDJ,230.0,230.0,230.0,230.0,20,4600.0,1,131755270.0
ZELLIDJA S.A,26/03/2026,ZELLIDJA S.A,ZDJ,240.9,240.9,240.9,240.9,8,1927.2,2,137999324.1
ZELLIDJA S.A,25/03/2026,ZELLIDJA S.A,ZDJ,228.0,228.0,228.0,228.0,7,1596.0,2,130609572.0
ZELLIDJA S.A,24/03/2026,ZELLIDJA S.A,ZDJ,226.0,226.0,226.0,226.0,148,33448.0,1,129463874.0
