Séance,Instrument,Ticker,Ouverture,Dernier_Cours,+haut_du_jour,+bas_du_jour,Nombre_de_titres_échangés,Volume_des_échanges,Nombre_de_transactions,Capitalisation
09/04/2026,CIMENTS DU MAROC,CMA,1746.0,1765.0,1783.0,1746.0,380,667642.0,13,25479547060.0
08/04/2026,CIMENTS DU MAROC,CMA,1750.0,1770.0,1780.0,1740.0,12710,22379888.0,57,25551727080.0
07/04/2026,CIMENTS DU MAROC,CMA,1743.0,1700.0,1743.0,1681.0,3083,5256618.0,20,24541206800.0
06/04/2026,CIMENTS DU MAROC,CMA,1748.0,1710.0,1748.0,1705.0,119,206290.0,19,24685566840.0
03/04/2026,CIMENTS DU MAROC,CMA,1706.0,1745.0,1745.0,1705.0,4907,8561918.0,9,25190826980.0
02/04/2026,CIMENTS DU MAROC,CMA,1740.0,1705.0,1740.0,1705.0,1952,3340734.0,29,24613386820.0
01/04/2026,CIMENTS DU MAROC,CMA,1735.0,1720.0,1759.0,1720.0,4258,7328109.0,13,24829926880.0
31/03/2026,CIMENTS DU MAROC,CMA,1738.0,1715.0,1739.0,1715.0,124,213310.0,7,24757746860.0
30/03/2026,CIMENTS DU MAROC,CMA,1739.0,1715.0,1739.0,1715.0,84,144223.0,8,24757746860.0
27/03/2026,CIMENTS DU MAROC,CMA,1760.0,1711.0,1760.0,1711.0,4595,7887790.0,41,24700002844.0
26/03/2026,CIMENTS DU MAROC,CMA,1760.0,1750.0,1770.0,1750.0,6457,11301454.0,38,25263007000.0
25/03/2026,CIMENTS DU MAROC,CMA,1720.0,1754.0,1754.0,1720.0,3108,5415429.0,20,25320751016.0
24/03/2026,CIMENTS DU MAROC,CMA,1749.0,1700.0,1749.0,1700.0,2728,4641830.0,30,24541206800.0
19/03/2026,CIMENTS DU MAROC,CMA,1715.0,1730.0,1730.0,1705.0,6844,11801525.0,28,24974286920.0
18/03/2026,CIMENTS DU MAROC,CMA,1739.0,1790.0,1800.0,1739.0,1181,2109772.0,33,25840447160.0
17/03/2026,CIMENTS DU MAROC,CMA,1690.0,1695.0,1705.0,1690.0,10286,17491793.0,24,24469026780.0
16/03/2026,CIMENTS DU MAROC,CMA,1662.0,1690.0,1710.0,1662.0,1533,2590122.0,18,24396846760.0
13/03/2026,CIMENTS DU MAROC,CMA,1730.0,1697.0,1730.0,1697.0,6775,11541121.0,31,24497898788.0
12/03/2026,CIMENTS DU MAROC,CMA,1760.0,1722.0,1760.0,1707.0,8713,14991193.0,45,24858798888.0
11/03/2026,CIMENTS DU MAROC,CMA,1604.0,1706.0,1750.0,1604.0,9453,16071709.0,44,24627822824.0
10/03/2026,CIMENTS DU MAROC,CMA,1694.0,1600.0,1694.0,1600.0,4863,7794126.0,57,23097606400.0
09/03/2026,CIMENTS DU MAROC,CMA,1649.0,1600.0,1649.0,1600.0,795,1279958.0,58,23097606400.0
06/03/2026,CIMENTS DU MAROC,CMA,1697.0,1673.0,1700.0,1673.0,8189,13766991.0,29,24151434692.0
05/03/2026,CIMENTS DU MAROC,CMA,1716.0,1679.0,1716.0,1661.0,8757,14727875.0,39,24238050716.0
04/03/2026,CIMENTS DU MAROC,CMA,1694.0,1650.0,1700.0,1650.0,538,907378.0,30,23819406600.0
03/03/2026,CIMENTS DU MAROC,CMA,1789.0,1617.0,1789.0,1600.0,10484,16974751.0,46,23343018468.0
02/03/2026,CIMENTS DU MAROC,CMA,1675.0,1654.0,1706.0,1650.0,6546,10834857.0,67,23877150616.0
27/02/2026,CIMENTS DU MAROC,CMA,1730.0,1706.0,1740.0,1706.0,15517,26574771.0,69,24627822824.0
26/02/2026,CIMENTS DU MAROC,CMA,1786.0,1750.0,1786.0,1750.0,5430,9519839.0,33,25263007000.0
25/02/2026,CIMENTS DU MAROC,CMA,1770.0,1765.0,1770.0,1765.0,1010,1782700.0,3,25479547060.0
24/02/2026,CIMENTS DU MAROC,CMA,1794.0,1769.0,1794.0,1769.0,5703,10194021.0,17,25537291076.0
23/02/2026,CIMENTS DU MAROC,CMA,1763.0,1797.0,1799.0,1763.0,31,55094.0,9,25941499188.0
20/02/2026,CIMENTS DU MAROC,CMA,1794.0,1784.0,1794.0,1762.0,8385,14974395.0,26,25753831136.0
19/02/2026,CIMENTS DU MAROC,CMA,1795.0,1790.0,1795.0,1790.0,2031,3635645.0,6,25840447160.0
18/02/2026,CIMENTS DU MAROC,CMA,1798.0,1797.0,1798.0,1765.0,4025,7105881.0,20,25941499188.0
17/02/2026,CIMENTS DU MAROC,CMA,1799.0,1800.0,1800.0,1761.0,61,109672.0,12,25984807200.0
16/02/2026,CIMENTS DU MAROC,CMA,1758.0,1798.0,1798.0,1754.0,11809,20839525.0,38,25955935192.0
13/02/2026,CIMENTS DU MAROC,CMA,1760.0,1758.0,1786.0,1750.0,10465,18406565.0,29,25378495032.0
12/02/2026,CIMENTS DU MAROC,CMA,1752.0,1788.0,1788.0,1730.0,6422,11369908.0,26,25811575152.0
11/02/2026,CIMENTS DU MAROC,CMA,1753.0,1750.0,1753.0,1749.0,8527,14922266.0,8,25263007000.0
10/02/2026,CIMENTS DU MAROC,CMA,1764.0,1754.0,1765.0,1750.0,340,596942.0,22,25320751016.0
09/02/2026,CIMENTS DU MAROC,CMA,1764.0,1753.0,1764.0,1720.0,2155,3711557.0,17,25306315012.0
06/02/2026,CIMENTS DU MAROC,CMA,1716.0,1737.0,1737.0,1686.0,6846,11803208.0,72,25075338948.0
05/02/2026,CIMENTS DU MAROC,CMA,1740.0,1716.0,1740.0,1716.0,7183,12353370.0,52,24772182864.0
04/02/2026,CIMENTS DU MAROC,CMA,1775.0,1720.0,1775.0,1720.0,2715,4670439.0,28,24829926880.0
03/02/2026,CIMENTS DU MAROC,CMA,1739.0,1720.0,1743.0,1720.0,2866,4941986.0,44,24829926880.0
02/02/2026,CIMENTS DU MAROC,CMA,1721.0,1739.0,1740.0,1720.0,3080,5297902.0,21,25104210956.0
30/01/2026,CIMENTS DU MAROC,CMA,1779.0,1727.0,1779.0,1727.0,3476,6025860.0,46,24930978908.0
29/01/2026,CIMENTS DU MAROC,CMA,1777.0,1740.0,1777.0,1740.0,2651,4614250.0,46,25118646960.0
28/01/2026,CIMENTS DU MAROC,CMA,1749.0,1745.0,1780.0,1730.0,5421,9458112.0,49,25190826980.0
27/01/2026,CIMENTS DU MAROC,CMA,1740.0,1745.0,1750.0,1740.0,9144,15971635.0,24,25190826980.0
26/01/2026,CIMENTS DU MAROC,CMA,1795.0,1722.0,1795.0,1702.0,1005,1755068.0,27,24858798888.0
23/01/2026,CIMENTS DU MAROC,CMA,1798.0,1750.0,1799.0,1750.0,25703,45093545.0,131,25263007000.0
22/01/2026,CIMENTS DU MAROC,CMA,1824.0,1750.0,1824.0,1750.0,3959,6970967.0,70,25263007000.0
21/01/2026,CIMENTS DU MAROC,CMA,1825.0,1770.0,1825.0,1770.0,529,939433.0,51,25551727080.0
20/01/2026,CIMENTS DU MAROC,CMA,1832.0,1790.0,1832.0,1790.0,853,1527728.0,33,25840447160.0
19/01/2026,CIMENTS DU MAROC,CMA,1839.0,1800.0,1839.0,1780.0,3529,6291420.0,45,25984807200.0
16/01/2026,CIMENTS DU MAROC,CMA,1869.0,1800.0,1869.0,1800.0,5280,9533490.0,112,25984807200.0
15/01/2026,CIMENTS DU MAROC,CMA,1848.0,1850.0,1850.0,1821.0,370,681502.0,16,26706607400.0
13/01/2026,CIMENTS DU MAROC,CMA,1894.0,1823.0,1894.0,1823.0,2181,4001378.0,43,26316835292.0
12/01/2026,CIMENTS DU MAROC,CMA,1845.0,1849.0,1850.0,1840.0,3883,7180162.0,24,26692171396.0
09/01/2026,CIMENTS DU MAROC,CMA,1879.0,1848.0,1879.0,1810.0,11159,20647780.0,53,26677735392.0
08/01/2026,CIMENTS DU MAROC,CMA,1892.0,1850.0,1894.0,1850.0,218,404034.0,12,26706607400.0
07/01/2026,CIMENTS DU MAROC,CMA,1917.0,1889.0,1917.0,1845.0,4829,8969888.0,44,27269611556.0
06/01/2026,CIMENTS DU MAROC,CMA,1890.0,1880.0,1899.0,1870.0,2001,3766269.0,20,27139687520.0
17/03/2026,CIMENTS DU MAROC,CMA,1690.0,1695.0,1705.0,1690.0,10286,17491793.0,24,24469026780.0
16/03/2026,CIMENTS DU MAROC,CMA,1662.0,1690.0,1710.0,1662.0,1533,2590122.0,18,24396846760.0
13/03/2026,CIMENTS DU MAROC,CMA,1730.0,1697.0,1730.0,1697.0,6775,11541121.0,31,24497898788.0
12/03/2026,CIMENTS DU MAROC,CMA,1760.0,1722.0,1760.0,1707.0,8713,14991193.0,45,24858798888.0
11/03/2026,CIMENTS DU MAROC,CMA,1604.0,1706.0,1750.0,1604.0,9453,16071709.0,44,24627822824.0
10/03/2026,CIMENTS DU MAROC,CMA,1694.0,1600.0,1694.0,1600.0,4863,7794126.0,57,23097606400.0
09/03/2026,CIMENTS DU MAROC,CMA,1649.0,1600.0,1649.0,1600.0,795,1279958.0,58,23097606400.0
06/03/2026,CIMENTS DU MAROC,CMA,1697.0,1673.0,1700.0,1673.0,8189,13766991.0,29,24151434692.0
05/03/2026,CIMENTS DU MAROC,CMA,1716.0,1679.0,1716.0,1661.0,8757,14727875.0,39,24238050716.0
04/03/2026,CIMENTS DU MAROC,CMA,1694.0,1650.0,1700.0,1650.0,538,907378.0,30,23819406600.0
03/03/2026,CIMENTS DU MAROC,CMA,1789.0,1617.0,1789.0,1600.0,10484,16974751.0,46,23343018468.0
02/03/2026,CIMENTS DU MAROC,CMA,1675.0,1654.0,1706.0,1650.0,6546,10834857.0,67,23877150616.0
27/02/2026,CIMENTS DU MAROC,CMA,1730.0,1706.0,1740.0,1706.0,15517,26574771.0,69,24627822824.0
26/02/2026,CIMENTS DU MAROC,CMA,1786.0,1750.0,1786.0,1750.0,5430,9519839.0,33,25263007000.0
25/02/2026,CIMENTS DU MAROC,CMA,1770.0,1765.0,1770.0,1765.0,1010,1782700.0,3,25479547060.0
24/02/2026,CIMENTS DU MAROC,CMA,1794.0,1769.0,1794.0,1769.0,5703,10194021.0,17,25537291076.0
23/02/2026,CIMENTS DU MAROC,CMA,1763.0,1797.0,1799.0,1763.0,31,55094.0,9,25941499188.0
20/02/2026,CIMENTS DU MAROC,CMA,1794.0,1784.0,1794.0,1762.0,8385,14974395.0,26,25753831136.0
19/02/2026,CIMENTS DU MAROC,CMA,1795.0,1790.0,1795.0,1790.0,2031,3635645.0,6,25840447160.0
18/02/2026,CIMENTS DU MAROC,CMA,1798.0,1797.0,1798.0,1765.0,4025,7105881.0,20,25941499188.0
17/02/2026,CIMENTS DU MAROC,CMA,1799.0,1800.0,1800.0,1761.0,61,109672.0,12,25984807200.0
16/02/2026,CIMENTS DU MAROC,CMA,1758.0,1798.0,1798.0,1754.0,11809,20839525.0,38,25955935192.0
13/02/2026,CIMENTS DU MAROC,CMA,1760.0,1758.0,1786.0,1750.0,10465,18406565.0,29,25378495032.0
12/02/2026,CIMENTS DU MAROC,CMA,1752.0,1788.0,1788.0,1730.0,6422,11369908.0,26,25811575152.0
11/02/2026,CIMENTS DU MAROC,CMA,1753.0,1750.0,1753.0,1749.0,8527,14922266.0,8,25263007000.0
10/02/2026,CIMENTS DU MAROC,CMA,1764.0,1754.0,1765.0,1750.0,340,596942.0,22,25320751016.0
09/02/2026,CIMENTS DU MAROC,CMA,1764.0,1753.0,1764.0,1720.0,2155,3711557.0,17,25306315012.0
06/02/2026,CIMENTS DU MAROC,CMA,1716.0,1737.0,1737.0,1686.0,6846,11803208.0,72,25075338948.0
05/02/2026,CIMENTS DU MAROC,CMA,1740.0,1716.0,1740.0,1716.0,7183,12353370.0,52,24772182864.0
04/02/2026,CIMENTS DU MAROC,CMA,1775.0,1720.0,1775.0,1720.0,2715,4670439.0,28,24829926880.0
03/02/2026,CIMENTS DU MAROC,CMA,1739.0,1720.0,1743.0,1720.0,2866,4941986.0,44,24829926880.0
02/02/2026,CIMENTS DU MAROC,CMA,1721.0,1739.0,1740.0,1720.0,3080,5297902.0,21,25104210956.0
30/01/2026,CIMENTS DU MAROC,CMA,1779.0,1727.0,1779.0,1727.0,3476,6025860.0,46,24930978908.0
29/01/2026,CIMENTS DU MAROC,CMA,1777.0,1740.0,1777.0,1740.0,2651,4614250.0,46,25118646960.0
28/01/2026,CIMENTS DU MAROC,CMA,1749.0,1745.0,1780.0,1730.0,5421,9458112.0,49,25190826980.0
27/01/2026,CIMENTS DU MAROC,CMA,1740.0,1745.0,1750.0,1740.0,9144,15971635.0,24,25190826980.0
26/01/2026,CIMENTS DU MAROC,CMA,1795.0,1722.0,1795.0,1702.0,1005,1755068.0,27,24858798888.0
23/01/2026,CIMENTS DU MAROC,CMA,1798.0,1750.0,1799.0,1750.0,25703,45093545.0,131,25263007000.0
22/01/2026,CIMENTS DU MAROC,CMA,1824.0,1750.0,1824.0,1750.0,3959,6970967.0,70,25263007000.0
21/01/2026,CIMENTS DU MAROC,CMA,1825.0,1770.0,1825.0,1770.0,529,939433.0,51,25551727080.0
20/01/2026,CIMENTS DU MAROC,CMA,1832.0,1790.0,1832.0,1790.0,853,1527728.0,33,25840447160.0
19/01/2026,CIMENTS DU MAROC,CMA,1839.0,1800.0,1839.0,1780.0,3529,6291420.0,45,25984807200.0
16/01/2026,CIMENTS DU MAROC,CMA,1869.0,1800.0,1869.0,1800.0,5280,9533490.0,112,25984807200.0
15/01/2026,CIMENTS DU MAROC,CMA,1848.0,1850.0,1850.0,1821.0,370,681502.0,16,26706607400.0
13/01/2026,CIMENTS DU MAROC,CMA,1894.0,1823.0,1894.0,1823.0,2181,4001378.0,43,26316835292.0
12/01/2026,CIMENTS DU MAROC,CMA,1845.0,1849.0,1850.0,1840.0,3883,7180162.0,24,26692171396.0
09/01/2026,CIMENTS DU MAROC,CMA,1879.0,1848.0,1879.0,1810.0,11159,20647780.0,53,26677735392.0
08/01/2026,CIMENTS DU MAROC,CMA,1892.0,1850.0,1894.0,1850.0,218,404034.0,12,26706607400.0
07/01/2026,CIMENTS DU MAROC,CMA,1917.0,1889.0,1917.0,1845.0,4829,8969888.0,44,27269611556.0
06/01/2026,CIMENTS DU MAROC,CMA,1890.0,1880.0,1899.0,1870.0,2001,3766269.0,20,27139687520.0
05/01/2026,CIMENTS DU MAROC,CMA,1927.0,1880.0,1927.0,1870.0,6481,12167823.0,31,27139687520.0
02/01/2026,CIMENTS DU MAROC,CMA,1935.0,1868.0,1935.0,1850.0,8461,15708502.0,25,26966455472.0
31/12/2025,CIMENTS DU MAROC,CMA,1840.0,1850.0,1850.0,1801.0,10255,18822852.0,35,26706607400.0
30/12/2025,CIMENTS DU MAROC,CMA,1781.0,1820.0,1820.0,1781.0,4479,8046990.0,17,26273527280.0
29/12/2025,CIMENTS DU MAROC,CMA,1845.0,1810.0,1845.0,1760.0,1465,2646389.0,41,26129167240.0
26/12/2025,CIMENTS DU MAROC,CMA,1847.0,1810.0,1847.0,1810.0,13074,23672150.0,27,26129167240.0
25/12/2025,CIMENTS DU MAROC,CMA,1800.0,1811.0,1849.0,1800.0,2077,3763120.0,18,26143603244.0
24/12/2025,CIMENTS DU MAROC,CMA,1860.0,1800.0,1866.0,1800.0,4053,7478135.0,45,25984807200.0
23/12/2025,CIMENTS DU MAROC,CMA,1860.0,1852.0,1900.0,1850.0,178,331095.0,19,26735479408.0
22/12/2025,CIMENTS DU MAROC,CMA,1870.0,1860.0,1870.0,1860.0,682,1270928.0,34,26850967440.0
19/12/2025,CIMENTS DU MAROC,CMA,1866.0,1870.0,1880.0,1866.0,7985,14932246.0,16,26995327480.0
18/12/2025,CIMENTS DU MAROC,CMA,1929.0,1865.0,1929.0,1865.0,530,990180.0,12,26923147460.0
17/12/2025,CIMENTS DU MAROC,CMA,1899.0,1880.0,1899.0,1864.0,342,640863.0,12,27139687520.0
16/12/2025,CIMENTS DU MAROC,CMA,1900.0,1875.0,1900.0,1875.0,805,1509449.0,4,27067507500.0
15/12/2025,CIMENTS DU MAROC,CMA,1900.0,1875.0,1919.0,1862.0,3249,6092701.0,11,27067507500.0
12/12/2025,CIMENTS DU MAROC,CMA,1900.0,1850.0,1934.0,1850.0,2743,5145225.0,50,26706607400.0
11/12/2025,CIMENTS DU MAROC,CMA,1885.0,1885.0,1885.0,1885.0,473,891605.0,5,27211867540.0
10/12/2025,CIMENTS DU MAROC,CMA,1881.0,1885.0,1885.0,1881.0,9,16957.0,2,27211867540.0
09/12/2025,CIMENTS DU MAROC,CMA,1900.0,1880.0,1900.0,1880.0,754,1417838.0,16,27139687520.0
08/12/2025,CIMENTS DU MAROC,CMA,1880.0,1900.0,1900.0,1880.0,26,49301.0,5,27428407600.0
05/12/2025,CIMENTS DU MAROC,CMA,1945.0,1881.0,1945.0,1881.0,36337,68791427.0,30,27154123524.0
04/12/2025,CIMENTS DU MAROC,CMA,1901.0,1896.0,1901.0,1895.0,369,699533.0,18,27370663584.0
03/12/2025,CIMENTS DU MAROC,CMA,1891.0,1909.0,1909.0,1891.0,6125,11609215.0,13,27558331636.0
02/12/2025,CIMENTS DU MAROC,CMA,1900.0,1920.0,1945.0,1891.0,117,225670.0,9,27717127680.0
01/12/2025,CIMENTS DU MAROC,CMA,1930.0,1947.0,1950.0,1930.0,6,11676.0,4,28106899788.0
28/11/2025,CIMENTS DU MAROC,CMA,1910.0,1900.0,1910.0,1900.0,3159,6002310.0,20,27428407600.0
27/11/2025,CIMENTS DU MAROC,CMA,1885.0,1910.0,1938.0,1885.0,342,652248.0,5,27572767640.0
26/11/2025,CIMENTS DU MAROC,CMA,1946.0,1880.0,1946.0,1880.0,333,629157.0,20,27139687520.0
25/11/2025,CIMENTS DU MAROC,CMA,1947.0,1905.0,1947.0,1905.0,657,1256726.0,12,27500587620.0
24/11/2025,CIMENTS DU MAROC,CMA,1947.0,1940.0,1947.0,1905.0,104,200891.0,15,28005847760.0
21/11/2025,CIMENTS DU MAROC,CMA,1901.0,1900.0,1910.0,1900.0,4457,8469518.0,27,27428407600.0
20/11/2025,CIMENTS DU MAROC,CMA,1903.0,1900.0,1958.0,1900.0,1318,2504927.0,17,27428407600.0
19/11/2025,CIMENTS DU MAROC,CMA,1911.0,1901.0,1911.0,1901.0,4111,7851886.0,25,27442843604.0
17/11/2025,CIMENTS DU MAROC,CMA,2029.0,1910.0,2029.0,1910.0,783,1508089.0,23,27572767640.0
14/11/2025,CIMENTS DU MAROC,CMA,1950.0,1910.0,1950.0,1910.0,5356,10271160.0,27,27572767640.0
13/11/2025,CIMENTS DU MAROC,CMA,1932.0,1930.0,1939.0,1930.0,3425,6610313.0,14,27861487720.0
12/11/2025,CIMENTS DU MAROC,CMA,1955.0,1930.0,1955.0,1930.0,28500,55008858.0,36,27861487720.0
11/11/2025,CIMENTS DU MAROC,CMA,1955.0,1955.0,1955.0,1955.0,500,977500.0,2,28222387820.0
10/11/2025,CIMENTS DU MAROC,CMA,1991.0,2010.0,2039.0,1991.0,103,207058.0,8,29016368040.0
07/11/2025,CIMENTS DU MAROC,CMA,2000.0,2000.0,2000.0,2000.0,83,166000.0,4,28872008000.0
05/11/2025,CIMENTS DU MAROC,CMA,2050.0,2047.0,2050.0,2003.0,4739,9526471.0,19,29550500188.0
04/11/2025,CIMENTS DU MAROC,CMA,2045.0,2045.0,2049.0,2045.0,60,122896.0,11,29521628180.0
03/11/2025,CIMENTS DU MAROC,CMA,2050.0,2010.0,2050.0,2003.0,4577,9322475.0,25,29016368040.0
31/10/2025,CIMENTS DU MAROC,CMA,2022.0,2000.0,2040.0,2000.0,2141,4287664.0,25,28872008000.0
30/10/2025,CIMENTS DU MAROC,CMA,2010.0,2010.0,2010.0,2010.0,6293,12648930.0,9,29016368040.0
29/10/2025,CIMENTS DU MAROC,CMA,2010.0,2004.0,2020.0,2004.0,4130,8300894.0,11,28929752016.0
28/10/2025,CIMENTS DU MAROC,CMA,2000.0,2007.0,2010.0,2000.0,4280,8585480.0,16,28973060028.0
27/10/2025,CIMENTS DU MAROC,CMA,2035.0,2000.0,2035.0,2000.0,3267,6541065.0,9,28872008000.0
24/10/2025,CIMENTS DU MAROC,CMA,2003.0,2020.0,2020.0,2003.0,4563,9217107.0,17,29160728080.0
23/10/2025,CIMENTS DU MAROC,CMA,2035.0,2003.0,2035.0,2003.0,127,255243.0,9,28915316012.0
22/10/2025,CIMENTS DU MAROC,CMA,2002.0,2035.0,2035.0,2001.0,3768,7637549.0,29,29377268140.0
21/10/2025,CIMENTS DU MAROC,CMA,2020.0,2029.0,2035.0,1990.0,1156,2306311.0,11,29290652116.0
20/10/2025,CIMENTS DU MAROC,CMA,2020.0,2020.0,2020.0,2020.0,16,32320.0,3,29160728080.0
17/10/2025,CIMENTS DU MAROC,CMA,1989.0,1920.0,2025.0,1920.0,3303,6367415.0,22,27717127680.0
16/10/2025,CIMENTS DU MAROC,CMA,1989.0,1989.0,1989.0,1989.0,7,13923.0,5,28713211956.0
15/10/2025,CIMENTS DU MAROC,CMA,1900.0,1900.0,1998.0,1895.0,5756,10942138.0,31,27428407600.0
14/10/2025,CIMENTS DU MAROC,CMA,1935.0,1900.0,1935.0,1900.0,3546,6770015.0,29,27428407600.0
13/10/2025,CIMENTS DU MAROC,CMA,1941.0,1950.0,1960.0,1941.0,915,1790741.0,6,28150207800.0
10/10/2025,CIMENTS DU MAROC,CMA,1948.0,1940.0,1950.0,1940.0,5998,11637920.0,21,28005847760.0
09/10/2025,CIMENTS DU MAROC,CMA,1936.0,1949.0,1949.0,1936.0,27,52363.0,4,28135771796.0
08/10/2025,CIMENTS DU MAROC,CMA,1950.0,1942.0,1950.0,1942.0,6464,12591732.0,16,28034719768.0
07/10/2025,CIMENTS DU MAROC,CMA,2010.0,1950.0,2010.0,1950.0,1171,2309555.0,21,28150207800.0
06/10/2025,CIMENTS DU MAROC,CMA,2023.0,2000.0,2031.0,1981.0,580,1150785.0,10,28872008000.0
03/10/2025,CIMENTS DU MAROC,CMA,1960.0,1980.0,2038.0,1960.0,4377,8666397.0,18,28583287920.0
02/10/2025,CIMENTS DU MAROC,CMA,1900.0,1979.0,1979.0,1850.0,5221,9994853.0,53,28568851916.0
01/10/2025,CIMENTS DU MAROC,CMA,1960.0,1900.0,2040.0,1900.0,8662,16604674.0,77,27428407600.0
30/09/2025,CIMENTS DU MAROC,CMA,1955.0,2050.0,2050.0,1950.0,14456,29355873.0,52,29593808200.0
29/09/2025,CIMENTS DU MAROC,CMA,1992.0,1980.0,2039.0,1980.0,2529,5032774.0,33,28583287920.0
26/09/2025,CIMENTS DU MAROC,CMA,2065.0,2049.0,2065.0,2049.0,8353,17115345.0,22,29579372196.0
25/09/2025,CIMENTS DU MAROC,CMA,2027.0,2050.0,2050.0,2020.0,7401,15161538.0,27,29593808200.0
24/09/2025,CIMENTS DU MAROC,CMA,2140.0,2046.0,2140.0,2011.0,14875,30433618.0,78,29536064184.0
23/09/2025,CIMENTS DU MAROC,CMA,2080.0,1950.0,2080.0,1950.0,4094,8082459.0,26,28150207800.0
22/09/2025,CIMENTS DU MAROC,CMA,2130.0,2068.0,2130.0,2068.0,9241,19136469.0,30,29853656272.0
19/09/2025,CIMENTS DU MAROC,CMA,1969.0,2150.0,2150.0,1969.0,3884,8340847.0,42,31037408600.0
18/09/2025,CIMENTS DU MAROC,CMA,1949.0,1969.0,1969.0,1949.0,993,1952897.0,17,28424491876.0
17/09/2025,CIMENTS DU MAROC,CMA,1960.0,1920.0,1960.0,1920.0,2149,4172905.0,45,27717127680.0
16/09/2025,CIMENTS DU MAROC,CMA,1950.0,1970.0,1970.0,1950.0,817,1605260.0,13,28438927880.0
15/09/2025,CIMENTS DU MAROC,CMA,1980.0,1950.0,1981.0,1950.0,130,254285.0,9,28150207800.0
12/09/2025,CIMENTS DU MAROC,CMA,2000.0,1980.0,2040.0,1980.0,5844,11642028.0,47,28583287920.0
11/09/2025,CIMENTS DU MAROC,CMA,2030.0,2000.0,2030.0,2000.0,614,1231015.0,23,28872008000.0
10/09/2025,CIMENTS DU MAROC,CMA,2010.0,2030.0,2030.0,2003.0,8242,16509641.0,7,29305088120.0
09/09/2025,CIMENTS DU MAROC,CMA,2019.0,1950.0,2023.0,1950.0,4250,8388986.0,61,28150207800.0
08/09/2025,CIMENTS DU MAROC,CMA,2069.0,2020.0,2070.0,2020.0,3213,6493851.0,37,29160728080.0
04/09/2025,CIMENTS DU MAROC,CMA,2070.0,2065.0,2070.0,2065.0,308,636523.0,14,29810348260.0
03/09/2025,CIMENTS DU MAROC,CMA,2075.0,2070.0,2097.0,2070.0,3007,6248363.0,36,29882528280.0
02/09/2025,CIMENTS DU MAROC,CMA,2100.0,2070.0,2100.0,2068.0,41,84957.0,8,29882528280.0
01/09/2025,CIMENTS DU MAROC,CMA,2100.0,2098.0,2100.0,2065.0,1155,2421871.0,23,30286736392.0
29/08/2025,CIMENTS DU MAROC,CMA,2146.0,2100.0,2146.0,2100.0,1332,2801959.0,31,30315608400.0
28/08/2025,CIMENTS DU MAROC,CMA,2159.0,2110.0,2179.0,2110.0,8322,17699183.0,89,30459968440.0
27/08/2025,CIMENTS DU MAROC,CMA,2065.0,2129.0,2150.0,2060.0,19236,40016537.0,91,30734252516.0
26/08/2025,CIMENTS DU MAROC,CMA,2040.0,2060.0,2088.0,2039.0,22423,45880906.0,147,29738168240.0
25/08/2025,CIMENTS DU MAROC,CMA,2000.0,2040.0,2040.0,2000.0,7383,14977665.0,30,29449448160.0
22/08/2025,CIMENTS DU MAROC,CMA,1986.0,2040.0,2040.0,1986.0,56,112038.0,6,29449448160.0
19/08/2025,CIMENTS DU MAROC,CMA,1986.0,1985.0,2019.0,1985.0,1898,3769176.0,33,28655467940.0
18/08/2025,CIMENTS DU MAROC,CMA,2028.0,2010.0,2040.0,2010.0,645,1302599.0,28,29016368040.0
15/08/2025,CIMENTS DU MAROC,CMA,2029.0,2003.0,2029.0,2000.0,5378,10819070.0,34,28915316012.0
13/08/2025,CIMENTS DU MAROC,CMA,2024.0,2025.0,2025.0,2023.0,1971,3989733.0,16,29232908100.0
12/08/2025,CIMENTS DU MAROC,CMA,2029.0,2024.0,2029.0,2024.0,461,933316.0,14,29218472096.0
11/08/2025,CIMENTS DU MAROC,CMA,2028.0,2024.0,2029.0,2024.0,1202,2434166.0,15,29218472096.0
27/05/2025,CIMENTS DU MAROC,CMA,1960.0,1970.0,1970.0,1960.0,1100,2157000.0,2,28438927880.0
07/08/2025,CIMENTS DU MAROC,CMA,2025.0,2012.0,2030.0,2012.0,1650,3341404.0,11,29045240048.0
06/08/2025,CIMENTS DU MAROC,CMA,2025.0,2029.0,2029.0,2025.0,102,206950.0,4,29290652116.0
05/08/2025,CIMENTS DU MAROC,CMA,2013.0,2030.0,2030.0,2010.0,1322,2681291.0,15,29305088120.0
04/08/2025,CIMENTS DU MAROC,CMA,2069.0,2025.0,2070.0,2025.0,3641,7373249.0,14,29232908100.0
01/08/2025,CIMENTS DU MAROC,CMA,2073.0,2012.0,2073.0,2012.0,1142,2299004.0,21,29045240048.0
31/07/2025,CIMENTS DU MAROC,CMA,2020.0,2060.0,2076.0,2020.0,136,278453.0,13,29738168240.0
29/07/2025,CIMENTS DU MAROC,CMA,2050.0,2040.0,2050.0,2020.0,2431,4959620.0,11,29449448160.0
28/07/2025,CIMENTS DU MAROC,CMA,2050.0,2050.0,2050.0,2010.0,2040,4181272.0,5,29593808200.0
25/07/2025,CIMENTS DU MAROC,CMA,2065.0,2064.0,2065.0,2050.0,2805,5784470.0,6,29795912256.0
24/07/2025,CIMENTS DU MAROC,CMA,2099.0,2084.0,2099.0,2015.0,883,1829693.0,27,30084632336.0
23/07/2025,CIMENTS DU MAROC,CMA,2096.0,2099.0,2116.0,2087.0,1787,3748190.0,14,30301172396.0
22/07/2025,CIMENTS DU MAROC,CMA,2099.0,2099.0,2099.0,2099.0,7,14693.0,2,30301172396.0
21/07/2025,CIMENTS DU MAROC,CMA,2120.0,2099.0,2120.0,2053.0,67,140856.0,5,30301172396.0
18/07/2025,CIMENTS DU MAROC,CMA,2110.0,2060.0,2110.0,2060.0,2224,4591250.0,13,29738168240.0
17/07/2025,CIMENTS DU MAROC,CMA,2110.0,2150.0,2150.0,2065.0,4835,10052891.0,43,31037408600.0
16/07/2025,CIMENTS DU MAROC,CMA,2056.0,2125.0,2125.0,2056.0,74,156377.0,13,30676508500.0
15/07/2025,CIMENTS DU MAROC,CMA,2110.0,2098.0,2110.0,2065.0,259,543405.0,9,30286736392.0
14/07/2025,CIMENTS DU MAROC,CMA,2056.0,2098.0,2100.0,2056.0,87,182084.0,11,30286736392.0
11/07/2025,CIMENTS DU MAROC,CMA,2064.0,2065.0,2065.0,2057.0,3300,6813609.0,18,29810348260.0
10/07/2025,CIMENTS DU MAROC,CMA,2056.0,2056.0,2065.0,2051.0,4769,9844319.0,11,29680424224.0
09/07/2025,CIMENTS DU MAROC,CMA,2065.0,2100.0,2100.0,2051.0,1758,3637174.0,11,30315608400.0
08/07/2025,CIMENTS DU MAROC,CMA,2032.0,2065.0,2070.0,2032.0,2246,4647352.0,10,29810348260.0
07/07/2025,CIMENTS DU MAROC,CMA,2095.0,2100.0,2100.0,2025.0,2693,5606655.0,17,30315608400.0
04/07/2025,CIMENTS DU MAROC,CMA,2066.0,2065.0,2066.0,2060.0,6156,12712040.0,11,29810348260.0
03/07/2025,CIMENTS DU MAROC,CMA,2100.0,2065.0,2128.0,2065.0,8030,16593431.0,30,29810348260.0
02/07/2025,CIMENTS DU MAROC,CMA,2100.0,2100.0,2100.0,2023.0,2822,5924916.0,25,30315608400.0
01/07/2025,CIMENTS DU MAROC,CMA,2049.0,2099.0,2099.0,2010.0,2065,4311176.0,52,30301172396.0
30/06/2025,CIMENTS DU MAROC,CMA,1994.0,2050.0,2050.0,1937.0,8255,16906185.0,36,29593808200.0
26/06/2025,CIMENTS DU MAROC,CMA,1968.0,1970.0,1990.0,1965.0,958,1887329.0,10,28438927880.0
25/06/2025,CIMENTS DU MAROC,CMA,1991.0,1970.0,1992.0,1970.0,4232,8337288.0,16,28438927880.0
24/06/2025,CIMENTS DU MAROC,CMA,1932.0,1993.0,2000.0,1932.0,5396,10510961.0,28,28770955972.0
23/06/2025,CIMENTS DU MAROC,CMA,1890.0,1890.0,1915.0,1890.0,643,1215595.0,8,27284047560.0
20/06/2025,CIMENTS DU MAROC,CMA,1866.0,1915.0,1915.0,1866.0,42545,80660400.0,38,27644947660.0
19/06/2025,CIMENTS DU MAROC,CMA,1901.0,1900.0,1901.0,1900.0,3,5702.0,2,27428407600.0
18/06/2025,CIMENTS DU MAROC,CMA,1928.0,1900.0,1928.0,1900.0,1899,3627839.0,32,27428407600.0
17/06/2025,CIMENTS DU MAROC,CMA,1948.0,1930.0,1948.0,1930.0,76,146698.0,3,27861487720.0
16/06/2025,CIMENTS DU MAROC,CMA,1930.0,1922.0,1930.0,1915.0,119,228667.0,9,27745999688.0
13/06/2025,CIMENTS DU MAROC,CMA,1912.0,1930.0,1930.0,1910.0,3344,6424875.0,34,27861487720.0
12/06/2025,CIMENTS DU MAROC,CMA,1999.0,1980.0,2000.0,1978.0,918,1818592.0,21,28583287920.0
11/06/2025,CIMENTS DU MAROC,CMA,1991.0,1998.0,1998.0,1980.0,1800,3567936.0,11,28843135992.0
10/06/2025,CIMENTS DU MAROC,CMA,2029.0,1998.0,2030.0,1998.0,2276,4572891.0,24,28843135992.0
06/06/2025,CIMENTS DU MAROC,CMA,2063.0,2030.0,2063.0,1980.0,5187,10484528.0,42,29305088120.0
05/06/2025,CIMENTS DU MAROC,CMA,2089.0,1980.0,2089.0,1980.0,29916,61029063.0,93,28583287920.0
04/06/2025,CIMENTS DU MAROC,CMA,2035.0,2064.0,2138.0,2000.0,16370,32853330.0,68,29795912256.0
03/06/2025,CIMENTS DU MAROC,CMA,1980.0,1985.0,2050.0,1935.0,2987,5871002.0,38,28655467940.0
02/06/2025,CIMENTS DU MAROC,CMA,1958.0,1988.0,1988.0,1945.0,4201,8287058.0,35,28698775952.0
30/05/2025,CIMENTS DU MAROC,CMA,1940.0,1945.0,1945.0,1930.0,8946,17386135.0,27,28078027780.0
29/05/2025,CIMENTS DU MAROC,CMA,1950.0,1930.0,1950.0,1902.0,2005,3898160.0,12,27861487720.0
28/05/2025,CIMENTS DU MAROC,CMA,1960.0,1945.0,1980.0,1945.0,4433,8644524.0,28,28078027780.0
27/05/2025,CIMENTS DU MAROC,CMA,1960.0,1970.0,1970.0,1960.0,1100,2157000.0,2,28438927880.0
26/05/2025,CIMENTS DU MAROC,CMA,1931.0,1955.0,1985.0,1930.0,1051,2069000.0,16,28222387820.0
23/05/2025,CIMENTS DU MAROC,CMA,1989.0,1930.0,1990.0,1930.0,7081,13666925.0,23,27861487720.0
22/05/2025,CIMENTS DU MAROC,CMA,1906.0,1956.0,2000.0,1906.0,2454,4781304.0,34,28236823824.0
21/05/2025,CIMENTS DU MAROC,CMA,1921.0,1948.0,1950.0,1891.0,259,497809.0,13,28121335792.0
20/05/2025,CIMENTS DU MAROC,CMA,1920.0,1950.0,1950.0,1920.0,51,98555.0,5,28150207800.0
19/05/2025,CIMENTS DU MAROC,CMA,1920.0,1925.0,1925.0,1920.0,500,962490.0,7,27789307700.0
16/05/2025,CIMENTS DU MAROC,CMA,1955.0,1911.0,1955.0,1911.0,6687,12800095.0,34,27587203644.0
15/05/2025,CIMENTS DU MAROC,CMA,1950.0,1960.0,1961.0,1950.0,7231,14172745.0,20,28294567840.0
14/05/2025,CIMENTS DU MAROC,CMA,1952.0,1979.0,1980.0,1946.0,2260,4421287.0,18,28568851916.0
13/05/2025,CIMENTS DU MAROC,CMA,1990.0,1984.0,1999.0,1975.0,4653,9190078.0,25,28641031936.0
12/05/2025,CIMENTS DU MAROC,CMA,1960.0,1999.0,2046.0,1960.0,4248,8415002.0,39,28857571996.0
09/05/2025,CIMENTS DU MAROC,CMA,1928.0,1960.0,1960.0,1910.0,4872,9415085.0,30,28294567840.0
08/05/2025,CIMENTS DU MAROC,CMA,1930.0,1930.0,1939.0,1910.0,4292,8212134.0,25,27861487720.0
07/05/2025,CIMENTS DU MAROC,CMA,1896.0,1920.0,1920.0,1896.0,2592,4951194.0,27,27717127680.0
06/05/2025,CIMENTS DU MAROC,CMA,1873.0,1880.0,1880.0,1873.0,1674,3146887.0,13,27139687520.0
05/05/2025,CIMENTS DU MAROC,CMA,1872.0,1875.0,1897.0,1872.0,76,143024.0,10,27067507500.0
02/05/2025,CIMENTS DU MAROC,CMA,1887.0,1890.0,1890.0,1856.0,516,973115.0,21,27284047560.0
30/04/2025,CIMENTS DU MAROC,CMA,1861.0,1865.0,1865.0,1861.0,3280,6108400.0,15,26923147460.0
29/04/2025,CIMENTS DU MAROC,CMA,1869.0,1856.0,1887.0,1856.0,4763,8885756.0,20,26793223424.0
28/04/2025,CIMENTS DU MAROC,CMA,1867.0,1875.0,1884.0,1865.0,1753,3270332.0,19,27067507500.0
25/04/2025,CIMENTS DU MAROC,CMA,1866.0,1880.0,1880.0,1865.0,849,1590145.0,6,27139687520.0
24/04/2025,CIMENTS DU MAROC,CMA,1870.0,1865.0,1870.0,1864.0,3497,6522478.0,17,26923147460.0
23/04/2025,CIMENTS DU MAROC,CMA,1866.0,1865.0,1866.0,1864.0,5980,11152510.0,18,26923147460.0
22/04/2025,CIMENTS DU MAROC,CMA,1884.0,1865.0,1884.0,1864.0,2077,3873574.0,10,26923147460.0
21/04/2025,CIMENTS DU MAROC,CMA,1860.0,1865.0,1865.0,1860.0,4007,7473020.0,9,26923147460.0
18/04/2025,CIMENTS DU MAROC,CMA,1860.0,1865.0,1890.0,1860.0,6474,12074050.0,16,26923147460.0
17/04/2025,CIMENTS DU MAROC,CMA,1890.0,1890.0,1890.0,1888.0,19,35907.0,4,27284047560.0
16/04/2025,CIMENTS DU MAROC,CMA,1872.0,1888.0,1888.0,1867.0,2623,4930773.0,20,27255175552.0
15/04/2025,CIMENTS DU MAROC,CMA,1849.0,1861.0,1861.0,1848.0,308,571973.0,13,26865403444.0
14/04/2025,CIMENTS DU MAROC,CMA,1862.0,1849.0,1862.0,1849.0,174,321999.0,8,26692171396.0
11/04/2025,CIMENTS DU MAROC,CMA,1830.0,1730.0,1870.0,1730.0,7010,12137463.0,50,24974286920.0
10/04/2025,CIMENTS DU MAROC,CMA,1879.0,1850.0,1880.0,1850.0,7571,14084449.0,38,26706607400.0
09/04/2025,CIMENTS DU MAROC,CMA,1828.0,1800.0,1839.0,1780.0,2206,3966729.0,31,25984807200.0
08/04/2025,CIMENTS DU MAROC,CMA,1741.0,1828.0,1874.0,1741.0,2830,5175805.0,32,26389015312.0
07/04/2025,CIMENTS DU MAROC,CMA,1851.0,1710.0,1855.0,1710.0,1077,1877456.0,56,24685566840.0
04/04/2025,CIMENTS DU MAROC,CMA,1880.0,1890.0,1928.0,1880.0,2297,4341474.0,10,27284047560.0
03/04/2025,CIMENTS DU MAROC,CMA,1931.0,1900.0,1931.0,1880.0,1903,3605825.0,36,27428407600.0
02/04/2025,CIMENTS DU MAROC,CMA,1940.0,1932.0,1940.0,1885.0,104,199984.0,11,27890359728.0
28/03/2025,CIMENTS DU MAROC,CMA,1892.0,1940.0,1940.0,1892.0,8466,16373890.0,39,28005847760.0
27/03/2025,CIMENTS DU MAROC,CMA,1923.0,1920.0,1923.0,1901.0,1084,2078489.0,17,27717127680.0
26/03/2025,CIMENTS DU MAROC,CMA,1909.0,1909.0,1940.0,1905.0,4260,8132999.0,27,27558331636.0
25/03/2025,CIMENTS DU MAROC,CMA,1917.0,1905.0,1917.0,1904.0,8538,16301440.0,18,27500587620.0
24/03/2025,CIMENTS DU MAROC,CMA,1916.0,1910.0,1918.0,1896.0,4878,9328580.0,29,27572767640.0
21/03/2025,CIMENTS DU MAROC,CMA,1919.0,1970.0,1970.0,1900.0,12056,23171714.0,36,28438927880.0
20/03/2025,CIMENTS DU MAROC,CMA,1915.0,1875.0,1978.0,1875.0,6999,13354862.0,60,27067507500.0
19/03/2025,CIMENTS DU MAROC,CMA,1900.0,1910.0,1920.0,1900.0,20284,38840830.0,21,27572767640.0
18/03/2025,CIMENTS DU MAROC,CMA,1890.0,1900.0,1900.0,1890.0,3700,7005000.0,4,27428407600.0
17/03/2025,CIMENTS DU MAROC,CMA,1875.0,1900.0,1900.0,1875.0,2883,5477625.0,16,27428407600.0
14/03/2025,CIMENTS DU MAROC,CMA,1889.0,1915.0,1915.0,1889.0,11788,22297900.0,11,27644947660.0
13/03/2025,CIMENTS DU MAROC,CMA,1890.0,1889.0,1920.0,1880.0,2345,4431931.0,20,27269611556.0
26/05/2025,CIMENTS DU MAROC,CMA,1931.0,1955.0,1985.0,1930.0,1051,2069000.0,16,28222387820.0
23/05/2025,CIMENTS DU MAROC,CMA,1989.0,1930.0,1990.0,1930.0,7081,13666925.0,23,27861487720.0
22/05/2025,CIMENTS DU MAROC,CMA,1906.0,1956.0,2000.0,1906.0,2454,4781304.0,34,28236823824.0
21/05/2025,CIMENTS DU MAROC,CMA,1921.0,1948.0,1950.0,1891.0,259,497809.0,13,28121335792.0
20/05/2025,CIMENTS DU MAROC,CMA,1920.0,1950.0,1950.0,1920.0,51,98555.0,5,28150207800.0
19/05/2025,CIMENTS DU MAROC,CMA,1920.0,1925.0,1925.0,1920.0,500,962490.0,7,27789307700.0
16/05/2025,CIMENTS DU MAROC,CMA,1955.0,1911.0,1955.0,1911.0,6687,12800095.0,34,27587203644.0
15/05/2025,CIMENTS DU MAROC,CMA,1950.0,1960.0,1961.0,1950.0,7231,14172745.0,20,28294567840.0
14/05/2025,CIMENTS DU MAROC,CMA,1952.0,1979.0,1980.0,1946.0,2260,4421287.0,18,28568851916.0
13/05/2025,CIMENTS DU MAROC,CMA,1990.0,1984.0,1999.0,1975.0,4653,9190078.0,25,28641031936.0
12/05/2025,CIMENTS DU MAROC,CMA,1960.0,1999.0,2046.0,1960.0,4248,8415002.0,39,28857571996.0
09/05/2025,CIMENTS DU MAROC,CMA,1928.0,1960.0,1960.0,1910.0,4872,9415085.0,30,28294567840.0
08/05/2025,CIMENTS DU MAROC,CMA,1930.0,1930.0,1939.0,1910.0,4292,8212134.0,25,27861487720.0
21/02/2025,CIMENTS DU MAROC,CMA,1887.0,1899.0,1920.0,1887.0,17977,34003720.0,33,27413971596.0
20/02/2025,CIMENTS DU MAROC,CMA,1927.0,1890.0,1927.0,1890.0,4904,9304018.0,65,27284047560.0
19/02/2025,CIMENTS DU MAROC,CMA,1920.0,1895.0,1920.0,1892.0,7159,13574060.0,53,27356227580.0
18/02/2025,CIMENTS DU MAROC,CMA,1892.0,1894.0,1915.0,1892.0,198,375070.0,12,27341791576.0
17/02/2025,CIMENTS DU MAROC,CMA,1900.0,1895.0,1928.0,1891.0,5592,10591472.0,33,27356227580.0
14/02/2025,CIMENTS DU MAROC,CMA,1900.0,1885.0,1900.0,1885.0,1782,3359986.0,19,27211867540.0
13/02/2025,CIMENTS DU MAROC,CMA,1931.0,1900.0,1931.0,1900.0,217,412675.0,9,27428407600.0
12/02/2025,CIMENTS DU MAROC,CMA,1869.0,1900.0,1948.0,1869.0,8521,16186569.0,29,27428407600.0
11/02/2025,CIMENTS DU MAROC,CMA,1913.0,1870.0,1913.0,1870.0,1165,2179764.0,44,26995327480.0
10/02/2025,CIMENTS DU MAROC,CMA,1877.0,1899.0,1915.0,1861.0,67066,124978669.0,79,27413971596.0
07/02/2025,CIMENTS DU MAROC,CMA,1903.0,1899.0,1905.0,1898.0,3660,6954839.0,31,27413971596.0
06/02/2025,CIMENTS DU MAROC,CMA,1927.0,1903.0,1928.0,1903.0,3038,5782750.0,23,27471715612.0
05/02/2025,CIMENTS DU MAROC,CMA,1928.0,1903.0,1928.0,1903.0,1124,2140996.0,24,27471715612.0
04/02/2025,CIMENTS DU MAROC,CMA,1905.0,1903.0,1923.0,1900.0,6631,12611673.0,42,27471715612.0
03/02/2025,CIMENTS DU MAROC,CMA,1920.0,1928.0,1934.0,1900.0,738,1404073.0,7,27832615712.0
31/01/2025,CIMENTS DU MAROC,CMA,1937.0,1900.0,1937.0,1890.0,10820,20539251.0,56,27428407600.0
30/01/2025,CIMENTS DU MAROC,CMA,1901.0,1920.0,1934.0,1900.0,1486,2853716.0,15,27717127680.0
29/01/2025,CIMENTS DU MAROC,CMA,1910.0,1901.0,1913.0,1894.0,5767,10963885.0,19,27442843604.0
28/01/2025,CIMENTS DU MAROC,CMA,1913.0,1899.0,1915.0,1899.0,192,365174.0,5,27413971596.0
27/01/2025,CIMENTS DU MAROC,CMA,1928.0,1913.0,1928.0,1890.0,16,30393.0,4,27616075652.0
24/01/2025,CIMENTS DU MAROC,CMA,1925.0,1895.0,1925.0,1895.0,9731,18473737.0,22,27356227580.0
23/01/2025,CIMENTS DU MAROC,CMA,1887.0,1920.0,1925.0,1887.0,6049,11561721.0,19,27717127680.0
22/01/2025,CIMENTS DU MAROC,CMA,1939.0,1900.0,1939.0,1900.0,4788,9098283.0,26,27428407600.0
21/01/2025,CIMENTS DU MAROC,CMA,1958.0,1905.0,1958.0,1901.0,2196,4185611.0,20,27500587620.0
20/01/2025,CIMENTS DU MAROC,CMA,1963.0,1915.0,1963.0,1915.0,1230,2368919.0,14,27644947660.0
17/01/2025,CIMENTS DU MAROC,CMA,1928.0,1915.0,1962.0,1915.0,3963,7611873.0,31,27644947660.0
16/01/2025,CIMENTS DU MAROC,CMA,1931.0,1928.0,1931.0,1926.0,2259,4359830.0,31,27832615712.0
15/01/2025,CIMENTS DU MAROC,CMA,1960.0,1930.0,1960.0,1930.0,1210,2336325.0,10,27861487720.0
13/01/2025,CIMENTS DU MAROC,CMA,1936.0,1970.0,1970.0,1920.0,3477,6710012.0,21,28438927880.0
10/01/2025,CIMENTS DU MAROC,CMA,1931.0,1936.0,1940.0,1930.0,11711,22711387.0,29,27948103744.0
09/01/2025,CIMENTS DU MAROC,CMA,1970.0,1940.0,1970.0,1940.0,5809,11326789.0,47,28005847760.0
08/01/2025,CIMENTS DU MAROC,CMA,1944.0,1950.0,1970.0,1944.0,9362,18265280.0,35,28150207800.0
07/01/2025,CIMENTS DU MAROC,CMA,1944.0,1932.0,1944.0,1932.0,182,352825.0,14,27890359728.0
06/01/2025,CIMENTS DU MAROC,CMA,1996.0,1944.0,1996.0,1940.0,6915,13510842.0,20,28063591776.0
03/01/2025,CIMENTS DU MAROC,CMA,1915.0,1930.0,1941.0,1900.0,22041,42587100.0,46,27861487720.0
02/01/2025,CIMENTS DU MAROC,CMA,1882.0,1886.0,1887.0,1881.0,3255,6135840.0,23,27226303544.0
31/12/2024,CIMENTS DU MAROC,CMA,1925.0,1880.0,1925.0,1880.0,13061,24598766.0,55,27139687520.0
30/12/2024,CIMENTS DU MAROC,CMA,1920.0,1920.0,1920.0,1920.0,856,1643520.0,9,27717127680.0
27/12/2024,CIMENTS DU MAROC,CMA,1903.0,1920.0,1920.0,1901.0,4459,8524485.0,20,27717127680.0
26/12/2024,CIMENTS DU MAROC,CMA,1910.0,1909.0,1910.0,1909.0,1270,2424700.0,3,27558331636.0
25/12/2024,CIMENTS DU MAROC,CMA,1922.0,1910.0,1922.0,1910.0,1872,3576982.0,9,27572767640.0
24/12/2024,CIMENTS DU MAROC,CMA,1924.0,1924.0,1924.0,1924.0,101,194324.0,4,27774871696.0
23/12/2024,CIMENTS DU MAROC,CMA,1925.0,1925.0,1925.0,1925.0,75,144375.0,2,27789307700.0
20/12/2024,CIMENTS DU MAROC,CMA,1911.0,1925.0,1925.0,1911.0,5706,10929754.0,10,27789307700.0
19/12/2024,CIMENTS DU MAROC,CMA,1960.0,1911.0,2015.0,1911.0,903,1743117.0,36,27587203644.0
18/12/2024,CIMENTS DU MAROC,CMA,1909.0,1965.0,1965.0,1872.0,551,1052184.0,18,28366747860.0
17/12/2024,CIMENTS DU MAROC,CMA,1949.0,1911.0,1949.0,1911.0,2449,4718227.0,8,27587203644.0
16/12/2024,CIMENTS DU MAROC,CMA,1925.0,1949.0,1949.0,1902.0,1731,3349196.0,7,28135771796.0
13/12/2024,CIMENTS DU MAROC,CMA,1926.0,1925.0,1935.0,1925.0,2843,5473133.0,20,27789307700.0
12/12/2024,CIMENTS DU MAROC,CMA,1941.0,1930.0,1942.0,1925.0,3651,7050637.0,33,27861487720.0
11/12/2024,CIMENTS DU MAROC,CMA,1980.0,1940.0,1983.0,1940.0,375,742663.0,7,28005847760.0
10/12/2024,CIMENTS DU MAROC,CMA,1984.0,1936.0,1984.0,1931.0,4095,7918582.0,22,27948103744.0
09/12/2024,CIMENTS DU MAROC,CMA,1935.0,1950.0,1950.0,1935.0,2527,4927590.0,11,28150207800.0
06/12/2024,CIMENTS DU MAROC,CMA,1935.0,1936.0,1936.0,1935.0,58,112242.0,10,27948103744.0
05/12/2024,CIMENTS DU MAROC,CMA,1930.0,1935.0,1980.0,1930.0,38,73615.0,3,27933667740.0
04/12/2024,CIMENTS DU MAROC,CMA,1994.0,1984.0,1995.0,1984.0,36,71777.0,4,28641031936.0
03/12/2024,CIMENTS DU MAROC,CMA,1930.0,1987.0,1987.0,1930.0,11,21287.0,3,28684339948.0
02/12/2024,CIMENTS DU MAROC,CMA,2000.0,1930.0,2000.0,1925.0,19508,37772865.0,29,27861487720.0
29/11/2024,CIMENTS DU MAROC,CMA,1990.0,1999.0,2000.0,1980.0,3076,6151479.0,9,28857571996.0
28/11/2024,CIMENTS DU MAROC,CMA,2013.0,2000.0,2013.0,1983.0,3522,7044161.0,18,28872008000.0
27/11/2024,CIMENTS DU MAROC,CMA,2000.0,2000.0,2000.0,1982.0,2188,4355527.0,20,28872008000.0
26/11/2024,CIMENTS DU MAROC,CMA,1982.0,2000.0,2000.0,1982.0,1228,2452032.0,9,28872008000.0
25/11/2024,CIMENTS DU MAROC,CMA,2017.0,1981.0,2017.0,1970.0,312,615632.0,12,28597723924.0
22/11/2024,CIMENTS DU MAROC,CMA,-,1986.0,-,-,-,-,-,28669903944.0
21/11/2024,CIMENTS DU MAROC,CMA,2002.0,1986.0,2034.0,1986.0,674,1341546.0,19,28669903944.0
20/11/2024,CIMENTS DU MAROC,CMA,1990.0,2002.0,2047.0,1985.0,1315,2615542.0,41,28900880008.0
19/11/2024,CIMENTS DU MAROC,CMA,1980.0,1985.0,1995.0,1951.0,1877,3726566.0,33,28655467940.0
15/11/2024,CIMENTS DU MAROC,CMA,1930.0,1950.0,1955.0,1900.0,20638,39970680.0,69,28150207800.0
14/11/2024,CIMENTS DU MAROC,CMA,1850.0,1920.0,1920.0,1844.0,31405,59638821.0,131,27717127680.0
13/11/2024,CIMENTS DU MAROC,CMA,1831.0,1830.0,1831.0,1830.0,75,137270.0,4,26417887320.0
12/11/2024,CIMENTS DU MAROC,CMA,1830.0,1830.0,1830.0,1830.0,6510,11913300.0,3,26417887320.0
11/11/2024,CIMENTS DU MAROC,CMA,1850.0,1830.0,1850.0,1816.0,1655,3028868.0,9,26417887320.0
08/11/2024,CIMENTS DU MAROC,CMA,1830.0,1850.0,1850.0,1830.0,11798,21765211.0,26,26706607400.0
07/11/2024,CIMENTS DU MAROC,CMA,1780.0,1830.0,1830.0,1780.0,2356,4298740.0,8,26417887320.0
05/11/2024,CIMENTS DU MAROC,CMA,1810.0,1810.0,1810.0,1810.0,2,3620.0,2,26129167240.0
04/11/2024,CIMENTS DU MAROC,CMA,-,1800.0,-,-,-,-,-,25984807200.0
01/11/2024,CIMENTS DU MAROC,CMA,1800.0,1800.0,1820.0,1751.0,8457,14943895.0,11,25984807200.0
31/10/2024,CIMENTS DU MAROC,CMA,1824.0,1800.0,1824.0,1800.0,8080,14544048.0,13,25984807200.0
30/10/2024,CIMENTS DU MAROC,CMA,1828.0,1781.0,1828.0,1774.0,1008,1795462.0,3,25710523124.0
29/10/2024,CIMENTS DU MAROC,CMA,1780.0,1828.0,1828.0,1780.0,6757,12064350.0,20,26389015312.0
28/10/2024,CIMENTS DU MAROC,CMA,1775.0,1780.0,1780.0,1775.0,11728,20848240.0,13,25696087120.0
25/10/2024,CIMENTS DU MAROC,CMA,1760.0,1773.0,1773.0,1736.0,15615,27507675.0,18,25595035092.0
24/10/2024,CIMENTS DU MAROC,CMA,-,1782.0,-,-,-,-,-,25724959128.0
23/10/2024,CIMENTS DU MAROC,CMA,1740.0,1782.0,1782.0,1740.0,1674,2912802.0,5,25724959128.0
22/10/2024,CIMENTS DU MAROC,CMA,1748.0,1780.0,1780.0,1732.0,2246,3897153.0,15,25696087120.0
21/10/2024,CIMENTS DU MAROC,CMA,1736.0,1736.0,1736.0,1736.0,1003,1741208.0,4,25060902944.0
18/10/2024,CIMENTS DU MAROC,CMA,1737.0,1760.0,1760.0,1730.0,119,208984.0,7,25407367040.0
30/12/2024,CIMENTS DU MAROC,CMA,1920.0,1920.0,1920.0,1920.0,856,1643520.0,9,27717127680.0
16/10/2024,CIMENTS DU MAROC,CMA,1733.0,1720.0,1733.0,1720.0,2119,3644778.0,13,24829926880.0
15/10/2024,CIMENTS DU MAROC,CMA,1738.0,1733.0,1738.0,1733.0,202,350076.0,14,25017594932.0
14/10/2024,CIMENTS DU MAROC,CMA,1779.0,1750.0,1779.0,1750.0,2014,3524614.0,5,25263007000.0
11/10/2024,CIMENTS DU MAROC,CMA,1750.0,1750.0,1752.0,1750.0,3337,5839770.0,15,25263007000.0
10/10/2024,CIMENTS DU MAROC,CMA,1752.0,1753.0,1753.0,1752.0,35,61330.0,2,25306315012.0
09/10/2024,CIMENTS DU MAROC,CMA,1797.0,1750.0,1797.0,1750.0,7813,13677403.0,19,25263007000.0
08/10/2024,CIMENTS DU MAROC,CMA,1790.0,1756.0,1797.0,1730.0,5688,9999042.0,32,25349623024.0
07/10/2024,CIMENTS DU MAROC,CMA,1797.0,1796.0,1797.0,1780.0,1604,2861588.0,11,25927063184.0
04/10/2024,CIMENTS DU MAROC,CMA,1790.0,1799.0,1799.0,1750.0,2667,4674982.0,20,25970371196.0
03/10/2024,CIMENTS DU MAROC,CMA,1797.0,1745.0,1797.0,1744.0,2405,4195149.0,11,25190826980.0
02/10/2024,CIMENTS DU MAROC,CMA,1765.0,1743.0,1765.0,1740.0,10147,17666551.0,49,25161954972.0
01/10/2024,CIMENTS DU MAROC,CMA,1792.0,1769.0,1799.0,1769.0,1921,3401125.0,20,25537291076.0
30/09/2024,CIMENTS DU MAROC,CMA,1839.0,1800.0,1839.0,1800.0,1316,2369566.0,22,25984807200.0
27/09/2024,CIMENTS DU MAROC,CMA,1806.0,1849.0,1849.0,1806.0,1966,3610092.0,18,26692171396.0
26/09/2024,CIMENTS DU MAROC,CMA,1819.0,1840.0,1840.0,1801.0,276,503419.0,14,26562247360.0
25/09/2024,CIMENTS DU MAROC,CMA,1820.0,1834.0,1834.0,1820.0,434,790873.0,10,26475631336.0
24/09/2024,CIMENTS DU MAROC,CMA,1822.0,1834.0,1835.0,1819.0,287,523880.0,20,26475631336.0
23/09/2024,CIMENTS DU MAROC,CMA,1810.0,1816.0,1860.0,1810.0,452,818520.0,15,26215783264.0
20/09/2024,CIMENTS DU MAROC,CMA,1834.0,1865.0,1871.0,1833.0,873,1627139.0,9,26923147460.0
19/09/2024,CIMENTS DU MAROC,CMA,1835.0,1841.0,1884.0,1832.0,6630,12432279.0,45,26576683364.0
18/09/2024,CIMENTS DU MAROC,CMA,1920.0,1887.0,1920.0,1860.0,1351,2555269.0,20,27240739548.0
13/09/2024,CIMENTS DU MAROC,CMA,1760.0,1879.0,1905.0,1740.0,6642,12552338.0,70,27125251516.0
12/09/2024,CIMENTS DU MAROC,CMA,1779.0,1735.0,1779.0,1735.0,1505,2611395.0,16,25046466940.0
11/09/2024,CIMENTS DU MAROC,CMA,1739.0,1739.0,1750.0,1735.0,9710,16848112.0,54,25104210956.0
10/09/2024,CIMENTS DU MAROC,CMA,1770.0,1740.0,1780.0,1740.0,1549,2698229.0,16,25118646960.0
09/09/2024,CIMENTS DU MAROC,CMA,1765.0,1770.0,1780.0,1764.0,951,1682785.0,16,25551727080.0
06/09/2024,CIMENTS DU MAROC,CMA,1785.0,1765.0,1785.0,1765.0,3250,5741250.0,15,25479547060.0
05/09/2024,CIMENTS DU MAROC,CMA,1780.0,1783.0,1799.0,1780.0,5874,10482008.0,11,25739395132.0
04/09/2024,CIMENTS DU MAROC,CMA,1764.0,1785.0,1785.0,1764.0,1003,1790334.0,3,25768267140.0
03/09/2024,CIMENTS DU MAROC,CMA,1761.0,1785.0,1785.0,1760.0,12369,22068015.0,9,25768267140.0
02/09/2024,CIMENTS DU MAROC,CMA,1736.0,1765.0,1765.0,1736.0,171,298442.0,9,25479547060.0
30/08/2024,CIMENTS DU MAROC,CMA,1760.0,1768.0,1768.0,1752.0,5367,9469849.0,16,25522855072.0
29/08/2024,CIMENTS DU MAROC,CMA,1788.0,1760.0,1799.0,1760.0,904,1606219.0,26,25407367040.0
28/08/2024,CIMENTS DU MAROC,CMA,1836.0,1790.0,1836.0,1790.0,1162,2080126.0,12,25840447160.0
27/08/2024,CIMENTS DU MAROC,CMA,1839.0,1790.0,1839.0,1790.0,2304,4129265.0,12,25840447160.0
26/08/2024,CIMENTS DU MAROC,CMA,1790.0,1793.0,1801.0,1790.0,469,840121.0,11,25883755172.0
23/08/2024,CIMENTS DU MAROC,CMA,1801.0,1820.0,1820.0,1800.0,1078,1961401.0,5,26273527280.0
22/08/2024,CIMENTS DU MAROC,CMA,1840.0,1790.0,1840.0,1788.0,1766,3172670.0,13,25840447160.0
19/08/2024,CIMENTS DU MAROC,CMA,1785.0,1840.0,1840.0,1785.0,13,23318.0,6,26562247360.0
16/08/2024,CIMENTS DU MAROC,CMA,1840.0,1840.0,1840.0,1840.0,372,684480.0,5,26562247360.0
15/08/2024,CIMENTS DU MAROC,CMA,1783.0,1840.0,1840.0,1783.0,2032,3738706.0,7,26562247360.0
13/08/2024,CIMENTS DU MAROC,CMA,1829.0,1829.0,1829.0,1829.0,700,1280300.0,7,26403451316.0
12/08/2024,CIMENTS DU MAROC,CMA,1830.0,1830.0,1835.0,1770.0,2612,4662944.0,15,26417887320.0
09/08/2024,CIMENTS DU MAROC,CMA,1815.0,1835.0,1835.0,1815.0,3716,6818260.0,12,26490067340.0
08/08/2024,CIMENTS DU MAROC,CMA,1820.0,1840.0,1840.0,1820.0,1127,2051180.0,2,26562247360.0
07/08/2024,CIMENTS DU MAROC,CMA,1839.0,1840.0,1840.0,1839.0,15,27597.0,5,26562247360.0
06/08/2024,CIMENTS DU MAROC,CMA,1800.0,1849.0,1849.0,1800.0,162,297630.0,7,26692171396.0
05/08/2024,CIMENTS DU MAROC,CMA,1875.0,1775.0,1875.0,1769.0,4175,7450361.0,27,25623907100.0
02/08/2024,CIMENTS DU MAROC,CMA,1850.0,1880.0,1885.0,1850.0,3113,5852535.0,16,27139687520.0
17/10/2024,CIMENTS DU MAROC,CMA,1710.0,1790.0,1790.0,1702.0,1001,1743933.0,15,25840447160.0
16/10/2024,CIMENTS DU MAROC,CMA,1733.0,1720.0,1733.0,1720.0,2119,3644778.0,13,24829926880.0
15/10/2024,CIMENTS DU MAROC,CMA,1738.0,1733.0,1738.0,1733.0,202,350076.0,14,25017594932.0
14/10/2024,CIMENTS DU MAROC,CMA,1779.0,1750.0,1779.0,1750.0,2014,3524614.0,5,25263007000.0
11/10/2024,CIMENTS DU MAROC,CMA,1750.0,1750.0,1752.0,1750.0,3337,5839770.0,15,25263007000.0
10/10/2024,CIMENTS DU MAROC,CMA,1752.0,1753.0,1753.0,1752.0,35,61330.0,2,25306315012.0
09/10/2024,CIMENTS DU MAROC,CMA,1797.0,1750.0,1797.0,1750.0,7813,13677403.0,19,25263007000.0
08/10/2024,CIMENTS DU MAROC,CMA,1790.0,1756.0,1797.0,1730.0,5688,9999042.0,32,25349623024.0
07/10/2024,CIMENTS DU MAROC,CMA,1797.0,1796.0,1797.0,1780.0,1604,2861588.0,11,25927063184.0
04/10/2024,CIMENTS DU MAROC,CMA,1790.0,1799.0,1799.0,1750.0,2667,4674982.0,20,25970371196.0
03/10/2024,CIMENTS DU MAROC,CMA,1797.0,1745.0,1797.0,1744.0,2405,4195149.0,11,25190826980.0
02/10/2024,CIMENTS DU MAROC,CMA,1765.0,1743.0,1765.0,1740.0,10147,17666551.0,49,25161954972.0
15/07/2024,CIMENTS DU MAROC,CMA,1795.0,1745.0,1795.0,1745.0,40,70800.0,3,25190826980.0
12/07/2024,CIMENTS DU MAROC,CMA,1770.0,1757.0,1820.0,1750.0,2895,5088150.0,19,25364059028.0
11/07/2024,CIMENTS DU MAROC,CMA,-,1770.0,-,-,-,-,-,25551727080.0
10/07/2024,CIMENTS DU MAROC,CMA,1750.0,1770.0,1770.0,1740.0,1596,2783400.0,6,25551727080.0
09/07/2024,CIMENTS DU MAROC,CMA,1770.0,1750.0,1770.0,1750.0,124,217215.0,5,25263007000.0
08/07/2024,CIMENTS DU MAROC,CMA,1770.0,1770.0,1770.0,1770.0,250,442500.0,1,25551727080.0
05/07/2024,CIMENTS DU MAROC,CMA,1760.0,1770.0,1779.0,1725.0,2391,4166619.0,13,25551727080.0
04/07/2024,CIMENTS DU MAROC,CMA,1725.0,1760.0,1760.0,1725.0,3001,5176760.0,2,25407367040.0
03/07/2024,CIMENTS DU MAROC,CMA,1750.0,1750.0,1750.0,1750.0,174,304500.0,4,25263007000.0
02/07/2024,CIMENTS DU MAROC,CMA,1789.0,1750.0,1789.0,1750.0,136,238109.0,8,25263007000.0
01/07/2024,CIMENTS DU MAROC,CMA,1849.0,1820.0,1849.0,1820.0,818,1492264.0,19,26273527280.0
28/06/2024,CIMENTS DU MAROC,CMA,1836.0,1820.0,1836.0,1800.0,1956,3553333.0,18,26273527280.0
27/06/2024,CIMENTS DU MAROC,CMA,1800.0,1800.0,1800.0,1800.0,105,189000.0,5,25984807200.0
26/06/2024,CIMENTS DU MAROC,CMA,1800.0,1800.0,1800.0,1800.0,100,180000.0,7,25984807200.0
25/06/2024,CIMENTS DU MAROC,CMA,1795.0,1802.0,1802.0,1795.0,1033,1859384.0,5,26013679208.0
24/06/2024,CIMENTS DU MAROC,CMA,1762.0,1751.0,1799.0,1750.0,1774,3125530.0,18,25277443004.0
21/06/2024,CIMENTS DU MAROC,CMA,1800.0,1799.0,1800.0,1799.0,319,573991.0,6,25970371196.0
20/06/2024,CIMENTS DU MAROC,CMA,1800.0,1800.0,1800.0,1800.0,470,846000.0,2,25984807200.0
19/06/2024,CIMENTS DU MAROC,CMA,1800.0,1800.0,1800.0,1800.0,1,1800.0,1,25984807200.0
14/06/2024,CIMENTS DU MAROC,CMA,1760.0,1760.0,1801.0,1760.0,2074,3650281.0,8,25407367040.0
13/06/2024,CIMENTS DU MAROC,CMA,1780.0,1751.0,1780.0,1751.0,1713,3044763.0,5,25277443004.0
12/06/2024,CIMENTS DU MAROC,CMA,1780.0,1780.0,1780.0,1780.0,802,1427560.0,2,25696087120.0
11/06/2024,CIMENTS DU MAROC,CMA,1800.0,1797.0,1801.0,1730.0,1360,2418979.0,13,25941499188.0
10/06/2024,CIMENTS DU MAROC,CMA,1794.0,1756.0,1800.0,1756.0,1552,2775989.0,9,25349623024.0
07/06/2024,CIMENTS DU MAROC,CMA,1755.0,1756.0,1756.0,1755.0,620,1088700.0,6,25349623024.0
06/06/2024,CIMENTS DU MAROC,CMA,1750.0,1750.0,1750.0,1750.0,3,5250.0,1,25263007000.0
05/06/2024,CIMENTS DU MAROC,CMA,1771.0,1750.0,1771.0,1750.0,7861,13758843.0,24,25263007000.0
04/06/2024,CIMENTS DU MAROC,CMA,1773.0,1770.0,1810.0,1770.0,2647,4685931.0,22,25551727080.0
03/06/2024,CIMENTS DU MAROC,CMA,1775.0,1775.0,1814.0,1775.0,763,1354364.0,3,25623907100.0
31/05/2024,CIMENTS DU MAROC,CMA,1790.0,1780.0,1790.0,1780.0,3103,5527958.0,17,25696087120.0
30/05/2024,CIMENTS DU MAROC,CMA,1805.0,1790.0,1819.0,1780.0,6869,12305214.0,47,25840447160.0
29/05/2024,CIMENTS DU MAROC,CMA,1829.0,1839.0,1839.0,1825.0,1381,2538299.0,11,26547811356.0
28/05/2024,CIMENTS DU MAROC,CMA,1831.0,1820.0,1840.0,1782.0,432,784961.0,24,26273527280.0
27/05/2024,CIMENTS DU MAROC,CMA,1871.0,1834.0,1871.0,1820.0,197,361054.0,8,26475631336.0
24/05/2024,CIMENTS DU MAROC,CMA,1851.0,1849.0,1860.0,1801.0,3343,6182303.0,21,26692171396.0
23/05/2024,CIMENTS DU MAROC,CMA,1850.0,1859.0,1859.0,1850.0,73,135400.0,5,26836531436.0
22/05/2024,CIMENTS DU MAROC,CMA,1878.0,1871.0,1878.0,1870.0,3052,5707260.0,8,27009763484.0
21/05/2024,CIMENTS DU MAROC,CMA,1846.0,1865.0,1865.0,1840.0,27819,51533897.0,49,26923147460.0
01/08/2024,CIMENTS DU MAROC,CMA,-,1880.0,-,-,-,-,-,27139687520.0
31/07/2024,CIMENTS DU MAROC,CMA,1877.0,1880.0,1880.0,1869.0,788,1480776.0,21,27139687520.0
29/07/2024,CIMENTS DU MAROC,CMA,1877.0,1845.0,1877.0,1845.0,1562,2881954.0,8,26634427380.0
26/07/2024,CIMENTS DU MAROC,CMA,1878.0,1850.0,1880.0,1850.0,9721,18208755.0,30,26706607400.0
25/07/2024,CIMENTS DU MAROC,CMA,1857.0,1878.0,1880.0,1850.0,20018,37624939.0,32,27110815512.0
24/07/2024,CIMENTS DU MAROC,CMA,1811.0,1859.0,1860.0,1811.0,23959,44201708.0,38,26836531436.0
10/05/2024,CIMENTS DU MAROC,CMA,1780.0,1763.0,1795.0,1763.0,720,1276563.0,21,25450675052.0
09/05/2024,CIMENTS DU MAROC,CMA,1760.0,1785.0,1785.0,1760.0,18631,33045557.0,19,25768267140.0
08/05/2024,CIMENTS DU MAROC,CMA,1768.0,1751.0,1768.0,1751.0,3321,5846155.0,13,25277443004.0
07/05/2024,CIMENTS DU MAROC,CMA,1759.0,1750.0,1770.0,1745.0,7834,13778071.0,24,25263007000.0
06/05/2024,CIMENTS DU MAROC,CMA,1770.0,1760.0,1770.0,1750.0,244,428010.0,7,25407367040.0
03/05/2024,CIMENTS DU MAROC,CMA,1750.0,1768.0,1768.0,1750.0,4404,7710632.0,15,25522855072.0
02/05/2024,CIMENTS DU MAROC,CMA,1730.0,1759.0,1762.0,1730.0,3210,5649597.0,9,25392931036.0
30/04/2024,CIMENTS DU MAROC,CMA,1727.0,1760.0,1769.0,1727.0,4775,8388762.0,18,25407367040.0
29/04/2024,CIMENTS DU MAROC,CMA,1748.0,1747.0,1748.0,1727.0,1022,1765454.0,3,25219698988.0
26/04/2024,CIMENTS DU MAROC,CMA,1744.0,1748.0,1748.0,1725.0,2129,3698464.0,11,25234134992.0
25/04/2024,CIMENTS DU MAROC,CMA,1710.0,1748.0,1748.0,1710.0,363,620846.0,11,25234134992.0
24/04/2024,CIMENTS DU MAROC,CMA,1725.0,1710.0,1735.0,1710.0,1343,2313875.0,9,24685566840.0
23/04/2024,CIMENTS DU MAROC,CMA,1722.0,1725.0,1725.0,1704.0,804,1382422.0,15,24902106900.0
22/04/2024,CIMENTS DU MAROC,CMA,1726.0,1726.0,1726.0,1726.0,12,20712.0,1,24916542904.0
19/04/2024,CIMENTS DU MAROC,CMA,1745.0,1750.0,1750.0,1722.0,12080,21138355.0,28,25263007000.0
18/04/2024,CIMENTS DU MAROC,CMA,1750.0,1755.0,1765.0,1750.0,1260,2206755.0,7,25335187020.0
17/04/2024,CIMENTS DU MAROC,CMA,1706.0,1750.0,1770.0,1706.0,18052,31352117.0,29,25263007000.0
16/04/2024,CIMENTS DU MAROC,CMA,1725.0,1706.0,1725.0,1706.0,4632,7985546.0,28,24627822824.0
15/04/2024,CIMENTS DU MAROC,CMA,1704.0,1722.0,1725.0,1704.0,1457,2496043.0,13,24858798888.0
09/04/2024,CIMENTS DU MAROC,CMA,1725.0,1711.0,1725.0,1705.0,14570,24919250.0,11,24700002844.0
08/04/2024,CIMENTS DU MAROC,CMA,1701.0,1701.0,1701.0,1700.0,2233,3798278.0,13,24555642804.0
05/04/2024,CIMENTS DU MAROC,CMA,1700.0,1700.0,1700.0,1700.0,987,1677900.0,5,24541206800.0
04/04/2024,CIMENTS DU MAROC,CMA,1691.0,1691.0,1691.0,1691.0,23,38893.0,2,24411282764.0
03/04/2024,CIMENTS DU MAROC,CMA,1699.0,1700.0,1700.0,1686.0,2002,3403175.0,20,24541206800.0
02/04/2024,CIMENTS DU MAROC,CMA,1691.0,1700.0,1700.0,1685.0,141,238422.0,11,24541206800.0
01/04/2024,CIMENTS DU MAROC,CMA,1691.0,1691.0,1724.0,1650.0,4100,6928937.0,26,24411282764.0
29/03/2024,CIMENTS DU MAROC,CMA,1690.0,1690.0,1690.0,1690.0,3291,5561790.0,21,24396846760.0
28/03/2024,CIMENTS DU MAROC,CMA,1730.0,1710.0,1730.0,1710.0,1963,3368819.0,17,24685566840.0
27/03/2024,CIMENTS DU MAROC,CMA,-,1716.0,-,-,-,-,-,24772182864.0
26/03/2024,CIMENTS DU MAROC,CMA,1721.0,1716.0,1725.0,1716.0,152,261339.0,10,24772182864.0
25/03/2024,CIMENTS DU MAROC,CMA,1720.0,1729.0,1729.0,1720.0,101,173729.0,3,24959850916.0
22/03/2024,CIMENTS DU MAROC,CMA,1735.0,1715.0,1735.0,1712.0,2496,4282637.0,13,24757746860.0
21/03/2024,CIMENTS DU MAROC,CMA,1710.0,1735.0,1735.0,1710.0,457,783074.0,5,25046466940.0
20/03/2024,CIMENTS DU MAROC,CMA,1740.0,1710.0,1740.0,1710.0,11789,20172310.0,25,24685566840.0
19/03/2024,CIMENTS DU MAROC,CMA,1703.0,1705.0,1730.0,1653.0,1833,3126328.0,28,24613386820.0
18/03/2024,CIMENTS DU MAROC,CMA,-,1740.0,-,-,-,-,-,25118646960.0
15/03/2024,CIMENTS DU MAROC,CMA,1700.0,1740.0,1740.0,1700.0,2600,4427426.0,14,25118646960.0
14/03/2024,CIMENTS DU MAROC,CMA,1710.0,1710.0,1710.0,1700.0,4650,7906796.0,17,24685566840.0
13/03/2024,CIMENTS DU MAROC,CMA,1700.0,1705.0,1705.0,1700.0,80,136250.0,8,24613386820.0
12/03/2024,CIMENTS DU MAROC,CMA,1700.0,1700.0,1700.0,1700.0,32,54400.0,2,24541206800.0
11/03/2024,CIMENTS DU MAROC,CMA,1700.0,1700.0,1700.0,1700.0,1120,1904000.0,6,24541206800.0
08/03/2024,CIMENTS DU MAROC,CMA,1750.0,1700.0,1750.0,1700.0,862,1469250.0,11,24541206800.0
07/03/2024,CIMENTS DU MAROC,CMA,1750.0,1750.0,1750.0,1750.0,3,5250.0,1,25263007000.0
06/03/2024,CIMENTS DU MAROC,CMA,1749.0,1759.0,1759.0,1710.0,6618,11333845.0,23,25392931036.0
05/03/2024,CIMENTS DU MAROC,CMA,1709.0,1749.0,1749.0,1690.0,365,627535.0,14,25248570996.0
04/03/2024,CIMENTS DU MAROC,CMA,1729.0,1739.0,1749.0,1729.0,14,24256.0,4,25104210956.0
01/03/2024,CIMENTS DU MAROC,CMA,1725.0,1725.0,1725.0,1725.0,3005,5183625.0,14,24902106900.0
29/02/2024,CIMENTS DU MAROC,CMA,1735.0,1725.0,1735.0,1720.0,4567,7872230.0,20,24902106900.0
28/02/2024,CIMENTS DU MAROC,CMA,1723.0,1732.0,1739.0,1723.0,8662,14990345.0,23,25003158928.0
27/02/2024,CIMENTS DU MAROC,CMA,1739.0,1739.0,1739.0,1739.0,21,36519.0,6,25104210956.0
26/02/2024,CIMENTS DU MAROC,CMA,1723.0,1723.0,1730.0,1723.0,5644,9724766.0,11,24873234892.0
23/02/2024,CIMENTS DU MAROC,CMA,1705.0,1723.0,1723.0,1702.0,347,591922.0,13,24873234892.0
22/02/2024,CIMENTS DU MAROC,CMA,1710.0,1705.0,1723.0,1705.0,2018,3440908.0,6,24613386820.0
21/02/2024,CIMENTS DU MAROC,CMA,1716.0,1716.0,1716.0,1716.0,49,84084.0,1,24772182864.0
20/02/2024,CIMENTS DU MAROC,CMA,1719.0,1716.0,1720.0,1716.0,19,32651.0,3,24772182864.0
19/02/2024,CIMENTS DU MAROC,CMA,1701.0,1700.0,1720.0,1700.0,378,642658.0,12,24541206800.0
16/02/2024,CIMENTS DU MAROC,CMA,1701.0,1715.0,1715.0,1701.0,905,1550653.0,9,24757746860.0
15/02/2024,CIMENTS DU MAROC,CMA,1720.0,1714.0,1720.0,1701.0,200,343424.0,10,24743310856.0
14/02/2024,CIMENTS DU MAROC,CMA,1710.0,1710.0,1710.0,1710.0,1,1710.0,1,24685566840.0
13/02/2024,CIMENTS DU MAROC,CMA,1720.0,1720.0,1720.0,1720.0,2,3440.0,2,24829926880.0
12/02/2024,CIMENTS DU MAROC,CMA,1720.0,1721.0,1721.0,1720.0,2573,4428120.0,8,24844362884.0
09/02/2024,CIMENTS DU MAROC,CMA,1702.0,1720.0,1720.0,1672.0,352,600740.0,15,24829926880.0
08/02/2024,CIMENTS DU MAROC,CMA,1702.0,1702.0,1702.0,1702.0,3055,5199610.0,7,24570078808.0
07/02/2024,CIMENTS DU MAROC,CMA,1690.0,1700.0,1720.0,1690.0,181,307698.0,13,24541206800.0
06/02/2024,CIMENTS DU MAROC,CMA,1700.0,1690.0,1705.0,1690.0,1846,3137327.0,24,24396846760.0
05/02/2024,CIMENTS DU MAROC,CMA,1703.0,1700.0,1703.0,1700.0,74,125827.0,8,24541206800.0
02/02/2024,CIMENTS DU MAROC,CMA,1715.0,1703.0,1720.0,1703.0,1115,1901025.0,12,24584514812.0
01/02/2024,CIMENTS DU MAROC,CMA,1701.0,1705.0,1705.0,1700.0,704,1200133.0,8,24613386820.0
31/01/2024,CIMENTS DU MAROC,CMA,-,1720.0,-,-,-,-,-,24829926880.0
30/01/2024,CIMENTS DU MAROC,CMA,1740.0,1720.0,1740.0,1700.0,3210,5461400.0,9,24829926880.0
29/01/2024,CIMENTS DU MAROC,CMA,1759.0,1700.0,1759.0,1680.0,612,1041584.0,23,24541206800.0
26/01/2024,CIMENTS DU MAROC,CMA,1720.0,1710.0,1725.0,1710.0,2780,4754005.0,16,24685566840.0
25/01/2024,CIMENTS DU MAROC,CMA,1735.0,1749.0,1749.0,1735.0,422,733878.0,2,25248570996.0
24/01/2024,CIMENTS DU MAROC,CMA,1760.0,1720.0,1760.0,1720.0,123,213580.0,6,24829926880.0
23/01/2024,CIMENTS DU MAROC,CMA,1726.0,1750.0,1750.0,1726.0,3588,6221362.0,19,25263007000.0
22/01/2024,CIMENTS DU MAROC,CMA,-,1728.0,-,-,-,-,-,24945414912.0
19/01/2024,CIMENTS DU MAROC,CMA,1734.0,1728.0,1734.0,1728.0,1776,3070740.0,11,24945414912.0
18/01/2024,CIMENTS DU MAROC,CMA,1738.0,1691.0,1738.0,1691.0,1644,2818759.0,23,24411282764.0
17/01/2024,CIMENTS DU MAROC,CMA,1720.0,1730.0,1730.0,1717.0,7573,13025812.0,14,24974286920.0
16/01/2024,CIMENTS DU MAROC,CMA,1720.0,1716.0,1725.0,1710.0,2088,3580825.0,12,24772182864.0
15/01/2024,CIMENTS DU MAROC,CMA,1725.0,1726.0,1728.0,1725.0,309,533355.0,11,24916542904.0
12/01/2024,CIMENTS DU MAROC,CMA,1723.0,1724.0,1724.0,1700.0,1683,2900183.0,19,24887670896.0
10/01/2024,CIMENTS DU MAROC,CMA,1717.0,1720.0,1720.0,1710.0,1359,2336908.0,15,24829926880.0
09/01/2024,CIMENTS DU MAROC,CMA,1716.0,1715.0,1717.0,1700.0,4258,7301371.0,19,24757746860.0
08/01/2024,CIMENTS DU MAROC,CMA,1718.0,1717.0,1718.0,1716.0,46,78984.0,5,24786618868.0
05/01/2024,CIMENTS DU MAROC,CMA,1675.0,1701.0,1710.0,1674.0,2746,4670571.0,17,24555642804.0
04/01/2024,CIMENTS DU MAROC,CMA,1707.0,1677.0,1707.0,1673.0,49,82213.0,5,24209178708.0
03/01/2024,CIMENTS DU MAROC,CMA,1681.0,1681.0,1681.0,1665.0,202,339498.0,9,24266922724.0
02/01/2024,CIMENTS DU MAROC,CMA,1679.0,1680.0,1680.0,1679.0,323,542625.0,10,24252486720.0
29/12/2023,CIMENTS DU MAROC,CMA,1680.0,1680.0,1680.0,1670.0,12234,20545760.0,40,24252486720.0
28/12/2023,CIMENTS DU MAROC,CMA,1700.0,1535.0,1700.0,1535.0,3896,6287819.0,53,22159266140.0
27/12/2023,CIMENTS DU MAROC,CMA,1705.0,1705.0,1705.0,1705.0,5,8525.0,1,24613386820.0
26/12/2023,CIMENTS DU MAROC,CMA,1715.0,1686.0,1719.0,1686.0,4221,7116896.0,13,24339102744.0
25/12/2023,CIMENTS DU MAROC,CMA,1718.0,1718.0,1718.0,1718.0,2,3436.0,1,24801054872.0
05/03/2024,CIMENTS DU MAROC,CMA,1709.0,1749.0,1749.0,1690.0,365,627535.0,14,25248570996.0
04/03/2024,CIMENTS DU MAROC,CMA,1729.0,1739.0,1749.0,1729.0,14,24256.0,4,25104210956.0
01/03/2024,CIMENTS DU MAROC,CMA,1725.0,1725.0,1725.0,1725.0,3005,5183625.0,14,24902106900.0
19/12/2023,CIMENTS DU MAROC,CMA,1700.0,1705.0,1705.0,1700.0,1166,1987955.0,3,24613386820.0
18/12/2023,CIMENTS DU MAROC,CMA,1708.0,1700.0,1708.0,1700.0,51,86708.0,2,24541206800.0
15/12/2023,CIMENTS DU MAROC,CMA,1709.0,1707.0,1709.0,1700.0,1254,2140321.0,9,24642258828.0
14/12/2023,CIMENTS DU MAROC,CMA,1700.0,1700.0,1700.0,1698.0,2620,4453998.0,16,24541206800.0
13/12/2023,CIMENTS DU MAROC,CMA,1698.0,1700.0,1709.0,1690.0,13994,23789427.0,37,24541206800.0
12/12/2023,CIMENTS DU MAROC,CMA,1632.0,1695.0,1695.0,1632.0,9352,15665641.0,15,24469026780.0
11/12/2023,CIMENTS DU MAROC,CMA,1660.0,1679.0,1679.0,1660.0,9027,15072570.0,13,24238050716.0
08/12/2023,CIMENTS DU MAROC,CMA,1650.0,1679.0,1679.0,1650.0,1394,2303174.0,11,24238050716.0
07/12/2023,CIMENTS DU MAROC,CMA,1640.0,1650.0,1650.0,1640.0,12633,20843610.0,18,23819406600.0
06/12/2023,CIMENTS DU MAROC,CMA,1640.0,1615.0,1640.0,1615.0,2001,3281615.0,3,23314146460.0
05/12/2023,CIMENTS DU MAROC,CMA,1680.0,1640.0,1680.0,1640.0,1311,2160650.0,13,23675046560.0
04/12/2023,CIMENTS DU MAROC,CMA,1620.0,1649.0,1649.0,1600.0,46,74027.0,15,23804970596.0
01/12/2023,CIMENTS DU MAROC,CMA,1640.0,1630.0,1640.0,1630.0,1717,2815810.0,6,23530686520.0
30/11/2023,CIMENTS DU MAROC,CMA,1635.0,1640.0,1640.0,1635.0,4947,8112920.0,18,23675046560.0
29/11/2023,CIMENTS DU MAROC,CMA,1635.0,1632.0,1650.0,1632.0,2027,3324454.0,9,23559558528.0
28/11/2023,CIMENTS DU MAROC,CMA,1680.0,1632.0,1680.0,1632.0,3538,5825872.0,21,23559558528.0
27/11/2023,CIMENTS DU MAROC,CMA,1660.0,1642.0,1660.0,1642.0,9020,14972840.0,5,23703918568.0
24/11/2023,CIMENTS DU MAROC,CMA,1660.0,1680.0,1680.0,1660.0,751,1257583.0,17,24252486720.0
23/11/2023,CIMENTS DU MAROC,CMA,-,1660.0,-,-,-,-,-,23963766640.0
22/11/2023,CIMENTS DU MAROC,CMA,1660.0,1660.0,1668.0,1660.0,9032,14993297.0,17,23963766640.0
21/11/2023,CIMENTS DU MAROC,CMA,1660.0,1660.0,1660.0,1660.0,112,185920.0,3,23963766640.0
20/11/2023,CIMENTS DU MAROC,CMA,1636.0,1660.0,1660.0,1635.0,84,138295.0,5,23963766640.0
17/11/2023,CIMENTS DU MAROC,CMA,1668.0,1635.0,1668.0,1635.0,125,205200.0,14,23602866540.0
16/11/2023,CIMENTS DU MAROC,CMA,1645.0,1669.0,1670.0,1645.0,2013,3359635.0,3,24093690676.0
15/11/2023,CIMENTS DU MAROC,CMA,1670.0,1669.0,1670.0,1669.0,3684,6150601.0,9,24093690676.0
14/11/2023,CIMENTS DU MAROC,CMA,1676.0,1676.0,1676.0,1676.0,2100,3519600.0,4,24194742704.0
13/11/2023,CIMENTS DU MAROC,CMA,1677.0,1677.0,1677.0,1677.0,3,5031.0,1,24209178708.0
10/11/2023,CIMENTS DU MAROC,CMA,1678.0,1677.0,1678.0,1645.0,51,85501.0,5,24209178708.0
09/11/2023,CIMENTS DU MAROC,CMA,1680.0,1680.0,1680.0,1680.0,215,361200.0,3,24252486720.0
08/11/2023,CIMENTS DU MAROC,CMA,-,1684.0,-,-,-,-,-,24310230736.0
07/11/2023,CIMENTS DU MAROC,CMA,1684.0,1684.0,1684.0,1684.0,142,239128.0,8,24310230736.0
03/11/2023,CIMENTS DU MAROC,CMA,1646.0,1680.0,1680.0,1646.0,1799,3022218.0,10,24252486720.0
02/11/2023,CIMENTS DU MAROC,CMA,1670.0,1680.0,1680.0,1660.0,318,533958.0,13,24252486720.0
01/11/2023,CIMENTS DU MAROC,CMA,1682.0,1677.0,1683.0,1660.0,157,263296.0,12,24209178708.0
31/10/2023,CIMENTS DU MAROC,CMA,1603.0,1640.0,1640.0,1603.0,14,22664.0,4,23675046560.0
30/10/2023,CIMENTS DU MAROC,CMA,1602.0,1602.0,1602.0,1602.0,470,752940.0,1,23126478408.0
27/10/2023,CIMENTS DU MAROC,CMA,1640.0,1600.0,1640.0,1600.0,980,1568653.0,22,23097606400.0
26/10/2023,CIMENTS DU MAROC,CMA,1644.0,1640.0,1660.0,1630.0,2947,4835478.0,28,23675046560.0
25/10/2023,CIMENTS DU MAROC,CMA,1670.0,1642.0,1670.0,1640.0,2593,4255482.0,13,23703918568.0
24/10/2023,CIMENTS DU MAROC,CMA,1670.0,1670.0,1670.0,1670.0,170,283900.0,8,24108126680.0
23/10/2023,CIMENTS DU MAROC,CMA,1651.0,1685.0,1695.0,1603.0,297,496698.0,17,24324666740.0
20/10/2023,CIMENTS DU MAROC,CMA,1699.0,1670.0,1699.0,1667.0,2636,4402196.0,12,24108126680.0
19/10/2023,CIMENTS DU MAROC,CMA,1700.0,1665.0,1700.0,1665.0,1342,2255818.0,24,24035946660.0
18/10/2023,CIMENTS DU MAROC,CMA,1649.0,1682.0,1710.0,1649.0,16105,27088929.0,99,24281358728.0
17/10/2023,CIMENTS DU MAROC,CMA,1630.0,1617.0,1630.0,1617.0,1379,2237076.0,18,23343018468.0
16/10/2023,CIMENTS DU MAROC,CMA,1622.0,1622.0,1622.0,1622.0,14,22708.0,3,23415198488.0
13/10/2023,CIMENTS DU MAROC,CMA,1639.0,1626.0,1680.0,1620.0,6276,10208185.0,39,23472942504.0
22/12/2023,CIMENTS DU MAROC,CMA,1720.0,1719.0,1720.0,1705.0,182,311728.0,6,24815490876.0
21/12/2023,CIMENTS DU MAROC,CMA,1710.0,1705.0,1710.0,1705.0,1586,2709561.0,5,24613386820.0
20/12/2023,CIMENTS DU MAROC,CMA,1710.0,1710.0,1710.0,1705.0,2140,3659020.0,12,24685566840.0
19/12/2023,CIMENTS DU MAROC,CMA,1700.0,1705.0,1705.0,1700.0,1166,1987955.0,3,24613386820.0
18/12/2023,CIMENTS DU MAROC,CMA,1708.0,1700.0,1708.0,1700.0,51,86708.0,2,24541206800.0
15/12/2023,CIMENTS DU MAROC,CMA,1709.0,1707.0,1709.0,1700.0,1254,2140321.0,9,24642258828.0
14/12/2023,CIMENTS DU MAROC,CMA,1700.0,1700.0,1700.0,1698.0,2620,4453998.0,16,24541206800.0
13/12/2023,CIMENTS DU MAROC,CMA,1698.0,1700.0,1709.0,1690.0,13994,23789427.0,37,24541206800.0
12/12/2023,CIMENTS DU MAROC,CMA,1632.0,1695.0,1695.0,1632.0,9352,15665641.0,15,24469026780.0
27/09/2023,CIMENTS DU MAROC,CMA,1492.0,1490.0,1510.0,1460.0,725,1062430.0,21,21509645960.0
26/09/2023,CIMENTS DU MAROC,CMA,1543.0,1490.0,1543.0,1488.0,552,824772.0,8,21509645960.0
25/09/2023,CIMENTS DU MAROC,CMA,1485.0,1534.0,1534.0,1485.0,62,92674.0,10,22144830136.0
22/09/2023,CIMENTS DU MAROC,CMA,1515.0,1490.0,1515.0,1490.0,3232,4816743.0,16,21509645960.0
21/09/2023,CIMENTS DU MAROC,CMA,1505.0,1500.0,1534.0,1500.0,2873,4311522.0,18,21654006000.0
20/09/2023,CIMENTS DU MAROC,CMA,1512.0,1455.0,1547.0,1455.0,155,228127.0,26,21004385820.0
19/09/2023,CIMENTS DU MAROC,CMA,1525.0,1547.0,1547.0,1515.0,102,157686.0,9,22332498188.0
18/09/2023,CIMENTS DU MAROC,CMA,1511.0,1510.0,1511.0,1510.0,92,138950.0,6,21798366040.0
15/09/2023,CIMENTS DU MAROC,CMA,1542.0,1510.0,1550.0,1510.0,2098,3181219.0,25,21798366040.0
14/09/2023,CIMENTS DU MAROC,CMA,1500.0,1530.0,1530.0,1500.0,11,16770.0,8,22087086120.0
13/09/2023,CIMENTS DU MAROC,CMA,1550.0,1490.0,1550.0,1480.0,1649,2458430.0,28,21509645960.0
12/09/2023,CIMENTS DU MAROC,CMA,1548.0,1512.0,1580.0,1512.0,4489,6942073.0,61,21827238048.0
11/09/2023,CIMENTS DU MAROC,CMA,1480.0,1515.0,1515.0,1475.0,10304,15592220.0,69,21870546060.0
08/09/2023,CIMENTS DU MAROC,CMA,1417.0,1430.0,1450.0,1417.0,973,1391417.0,8,20643485720.0
07/09/2023,CIMENTS DU MAROC,CMA,1450.0,1430.0,1450.0,1430.0,3264,4667557.0,6,20643485720.0
06/09/2023,CIMENTS DU MAROC,CMA,1452.0,1450.0,1452.0,1450.0,132,191430.0,11,20932205800.0
05/09/2023,CIMENTS DU MAROC,CMA,1460.0,1460.0,1460.0,1460.0,16,23360.0,4,21076565840.0
04/09/2023,CIMENTS DU MAROC,CMA,-,1460.0,-,-,-,-,-,21076565840.0
01/09/2023,CIMENTS DU MAROC,CMA,1460.0,1460.0,1460.0,1460.0,102,148920.0,3,21076565840.0
31/08/2023,CIMENTS DU MAROC,CMA,1494.0,1460.0,1498.0,1460.0,2553,3727626.0,17,21076565840.0
30/08/2023,CIMENTS DU MAROC,CMA,1451.0,1460.0,1492.0,1450.0,2201,3212527.0,11,21076565840.0
29/08/2023,CIMENTS DU MAROC,CMA,1450.0,1450.0,1493.0,1450.0,26,37743.0,6,20932205800.0
28/08/2023,CIMENTS DU MAROC,CMA,1450.0,1450.0,1450.0,1450.0,295,427750.0,8,20932205800.0
25/08/2023,CIMENTS DU MAROC,CMA,1485.0,1485.0,1485.0,1485.0,10,14850.0,1,21437465940.0
24/08/2023,CIMENTS DU MAROC,CMA,1479.0,1479.0,1479.0,1479.0,1,1479.0,1,21350849916.0
23/08/2023,CIMENTS DU MAROC,CMA,1471.0,1480.0,1480.0,1470.0,831,1222620.0,30,21365285920.0
22/08/2023,CIMENTS DU MAROC,CMA,1480.0,1480.0,1482.0,1480.0,10531,15586299.0,22,21365285920.0
18/08/2023,CIMENTS DU MAROC,CMA,1480.0,1480.0,1480.0,1480.0,106,156880.0,5,21365285920.0
17/08/2023,CIMENTS DU MAROC,CMA,-,1494.0,-,-,-,-,-,21567389976.0
16/08/2023,CIMENTS DU MAROC,CMA,-,1494.0,-,-,-,-,-,21567389976.0
15/08/2023,CIMENTS DU MAROC,CMA,1496.0,1494.0,1496.0,1494.0,635,949155.0,6,21567389976.0
11/08/2023,CIMENTS DU MAROC,CMA,1530.0,1495.0,1530.0,1495.0,1378,2097770.0,22,21581825980.0
10/08/2023,CIMENTS DU MAROC,CMA,1530.0,1530.0,1530.0,1530.0,145,221850.0,4,22087086120.0
09/08/2023,CIMENTS DU MAROC,CMA,1530.0,1530.0,1540.0,1530.0,3636,5563200.0,17,22087086120.0
08/08/2023,CIMENTS DU MAROC,CMA,1530.0,1530.0,1530.0,1530.0,15,22950.0,2,22087086120.0
07/08/2023,CIMENTS DU MAROC,CMA,1550.0,1550.0,1550.0,1550.0,7,10850.0,1,22375806200.0
04/08/2023,CIMENTS DU MAROC,CMA,1578.0,1540.0,1586.0,1540.0,5748,8854009.0,27,22231446160.0
03/08/2023,CIMENTS DU MAROC,CMA,1538.0,1565.0,1580.0,1538.0,505,783606.0,16,22592346260.0
02/08/2023,CIMENTS DU MAROC,CMA,1509.0,1540.0,1540.0,1509.0,2551,3894188.0,29,22231446160.0
01/08/2023,CIMENTS DU MAROC,CMA,1500.0,1509.0,1509.0,1495.0,215,322644.0,9,21783930036.0
31/07/2023,CIMENTS DU MAROC,CMA,1500.0,1500.0,1500.0,1500.0,101,151500.0,3,21654006000.0
12/10/2023,CIMENTS DU MAROC,CMA,1628.0,1639.0,1639.0,1610.0,2450,3958483.0,18,23660610556.0
11/10/2023,CIMENTS DU MAROC,CMA,1610.0,1635.0,1635.0,1601.0,5564,8946255.0,30,23602866540.0
10/10/2023,CIMENTS DU MAROC,CMA,1600.0,1613.0,1613.0,1590.0,2268,3620139.0,32,23285274452.0
09/10/2023,CIMENTS DU MAROC,CMA,1590.0,1600.0,1609.0,1580.0,2465,3943655.0,14,23097606400.0
06/10/2023,CIMENTS DU MAROC,CMA,1639.0,1600.0,1639.0,1580.0,41398,66819547.0,152,23097606400.0
21/07/2023,CIMENTS DU MAROC,CMA,1472.0,1510.0,1510.0,1472.0,83,124230.0,5,21798366040.0
20/07/2023,CIMENTS DU MAROC,CMA,-,1500.0,-,-,-,-,-,21654006000.0
18/07/2023,CIMENTS DU MAROC,CMA,1480.0,1500.0,1500.0,1480.0,1210,1791970.0,6,21654006000.0
17/07/2023,CIMENTS DU MAROC,CMA,1510.0,1480.0,1510.0,1479.0,1587,2378797.0,6,21365285920.0
14/07/2023,CIMENTS DU MAROC,CMA,1472.0,1479.0,1480.0,1470.0,1260,1864453.0,7,21350849916.0
13/07/2023,CIMENTS DU MAROC,CMA,1490.0,1490.0,1490.0,1490.0,4037,6015130.0,8,21509645960.0
12/07/2023,CIMENTS DU MAROC,CMA,1500.0,1490.0,1500.0,1490.0,4152,6188000.0,6,21509645960.0
11/07/2023,CIMENTS DU MAROC,CMA,-,1500.0,-,-,-,-,-,21654006000.0
10/07/2023,CIMENTS DU MAROC,CMA,1522.0,1500.0,1522.0,1500.0,502,753044.0,2,21654006000.0
07/07/2023,CIMENTS DU MAROC,CMA,1523.0,1474.0,1523.0,1472.0,3086,4546615.0,9,21278669896.0
06/07/2023,CIMENTS DU MAROC,CMA,1500.0,1491.0,1530.0,1491.0,645,962505.0,13,21524081964.0
05/07/2023,CIMENTS DU MAROC,CMA,1540.0,1549.0,1560.0,1540.0,4041,6231292.0,23,22361370196.0
04/07/2023,CIMENTS DU MAROC,CMA,1520.0,1550.0,1550.0,1520.0,563,866213.0,11,22375806200.0
03/07/2023,CIMENTS DU MAROC,CMA,1530.0,1530.0,1549.0,1530.0,115,176102.0,4,22087086120.0
28/06/2023,CIMENTS DU MAROC,CMA,1528.0,1530.0,1545.0,1528.0,3780,5799475.0,13,22087086120.0
27/06/2023,CIMENTS DU MAROC,CMA,1540.0,1528.0,1540.0,1515.0,8973,13704863.0,18,22058214112.0
26/06/2023,CIMENTS DU MAROC,CMA,1500.0,1500.0,1500.0,1500.0,50,75000.0,2,21654006000.0
23/06/2023,CIMENTS DU MAROC,CMA,1550.0,1545.0,1550.0,1542.0,6662,10290196.0,12,22303626180.0
22/06/2023,CIMENTS DU MAROC,CMA,1573.0,1510.0,1573.0,1510.0,152,229646.0,6,21798366040.0
21/06/2023,CIMENTS DU MAROC,CMA,1584.0,1502.0,1584.0,1502.0,4034,6060056.0,22,21682878008.0
20/06/2023,CIMENTS DU MAROC,CMA,1475.0,1585.0,1590.0,1475.0,5446,8589703.0,34,22881066340.0
19/06/2023,CIMENTS DU MAROC,CMA,1500.0,1515.0,1525.0,1500.0,1971,2986404.0,14,21870546060.0
16/06/2023,CIMENTS DU MAROC,CMA,1499.0,1515.0,1520.0,1495.0,5318,7980074.0,25,21870546060.0
15/06/2023,CIMENTS DU MAROC,CMA,1480.0,1500.0,1500.0,1480.0,557,834845.0,15,21654006000.0
14/06/2023,CIMENTS DU MAROC,CMA,1450.0,1480.0,1480.0,1450.0,4139,6099499.0,21,21365285920.0
13/06/2023,CIMENTS DU MAROC,CMA,1421.0,1490.0,1490.0,1420.0,40,57534.0,10,21509645960.0
12/06/2023,CIMENTS DU MAROC,CMA,1460.0,1460.0,1460.0,1460.0,329,480340.0,9,21076565840.0
09/06/2023,CIMENTS DU MAROC,CMA,1427.0,1460.0,1460.0,1427.0,9038,13192799.0,20,21076565840.0
08/06/2023,CIMENTS DU MAROC,CMA,-,1451.0,-,-,-,-,-,20946641804.0
07/06/2023,CIMENTS DU MAROC,CMA,1450.0,1451.0,1452.0,1450.0,1526,2214220.0,8,20946641804.0
06/06/2023,CIMENTS DU MAROC,CMA,1451.0,1451.0,1451.0,1451.0,1059,1536609.0,11,20946641804.0
05/06/2023,CIMENTS DU MAROC,CMA,1500.0,1490.0,1500.0,1489.0,2983,4441971.0,8,21509645960.0
02/06/2023,CIMENTS DU MAROC,CMA,1413.0,1489.0,1489.0,1413.0,3379,4897713.0,34,21495209956.0
01/06/2023,CIMENTS DU MAROC,CMA,1414.0,1414.0,1414.0,1414.0,121,171094.0,1,20412509656.0
31/05/2023,CIMENTS DU MAROC,CMA,1425.0,1423.0,1425.0,1390.0,1098,1561891.0,15,20542433692.0
30/05/2023,CIMENTS DU MAROC,CMA,1415.0,1415.0,1430.0,1415.0,10207,14443000.0,24,20426945660.0
29/05/2023,CIMENTS DU MAROC,CMA,1380.0,1414.0,1415.0,1380.0,7561,10565638.0,42,20412509656.0
26/05/2023,CIMENTS DU MAROC,CMA,1380.0,1380.0,1380.0,1380.0,1222,1686360.0,6,19921685520.0
25/05/2023,CIMENTS DU MAROC,CMA,1388.0,1383.0,1390.0,1350.0,471,636619.0,8,19964993532.0
24/05/2023,CIMENTS DU MAROC,CMA,1376.0,1376.0,1376.0,1376.0,100,137600.0,6,19863941504.0
23/05/2023,CIMENTS DU MAROC,CMA,1344.0,1350.0,1350.0,1344.0,1338,1805780.0,16,19488605400.0
22/05/2023,CIMENTS DU MAROC,CMA,1339.0,1339.0,1339.0,1339.0,248,332072.0,2,19329809356.0
19/05/2023,CIMENTS DU MAROC,CMA,1313.0,1339.0,1340.0,1300.0,1446,1936223.0,12,19329809356.0
18/05/2023,CIMENTS DU MAROC,CMA,1360.0,1347.0,1360.0,1320.0,799,1080769.0,15,19445297388.0
17/05/2023,CIMENTS DU MAROC,CMA,1340.0,1366.0,1367.0,1340.0,318,426373.0,13,19719581464.0
